EmployeeNumber,Age,Gender,MaritalStatus,Department,JobRole,EducationField,Education,JobLevel,MonthlyIncome,PercentSalaryHike,StockOptionLevel,PerformanceRating,JobSatisfaction,EnvironmentSatisfaction,WorkLifeBalance,JobInvolvement,BusinessTravel,OverTime,TotalWorkingYears,YearsAtCompany,YearsInCurrentRole,YearsSinceLastPromotion,NumCompaniesWorked,TrainingTimesLastYear,DistanceFromHome,Attrition
1,35,Male,Divorced,Research & Development,Research Scientist,Life Sciences,2,2,8669,19,1,3,2,4,3,4,Non-Travel,Yes,26,15,7,14,9,2,26,No
2,45,Male,Single,Research & Development,Laboratory Technician,Marketing,5,3,8881,23,0,3,2,2,2,4,Travel_Frequently,Yes,5,21,17,9,9,6,12,Yes
3,22,Male,Single,Research & Development,Manager,Marketing,2,3,22482,16,0,3,3,4,4,3,Travel_Rarely,Yes,38,2,1,1,2,3,13,Yes
4,53,Male,Single,Sales,Manager,Life Sciences,2,5,23182,25,1,3,3,3,4,4,Travel_Rarely,Yes,29,14,4,8,2,1,24,No
5,55,Male,Single,Research & Development,Healthcare Representative,Life Sciences,2,2,11469,23,1,3,4,3,3,3,Travel_Rarely,No,29,27,16,8,8,6,1,Yes
6,52,Female,Married,Research & Development,Research Scientist,Other,3,5,8168,23,0,4,4,4,3,3,Travel_Frequently,Yes,40,17,16,6,2,2,25,No
7,18,Female,Married,Sales,Manager,Life Sciences,1,4,21090,24,0,3,2,4,1,2,Travel_Frequently,Yes,30,38,17,5,4,4,28,Yes
8,52,Male,Divorced,Research & Development,Laboratory Technician,Life Sciences,2,2,6878,12,0,3,4,2,3,2,Non-Travel,No,4,12,11,10,0,1,3,No
9,22,Female,Divorced,Human Resources,Manager,Human Resources,4,2,26814,23,1,3,2,1,3,3,Travel_Rarely,Yes,22,32,13,13,7,6,24,No
10,59,Male,Single,Sales,Manager,Technical Degree,2,3,22977,18,0,4,1,3,3,4,Travel_Rarely,Yes,35,6,1,0,8,6,1,Yes
11,28,Female,Single,Human Resources,Human Resources,Marketing,4,3,8644,17,1,3,3,4,2,4,Travel_Frequently,Yes,31,26,4,6,4,1,2,Yes
12,21,Male,Divorced,Research & Development,Manufacturing Director,Medical,1,5,24684,12,1,3,1,1,3,4,Non-Travel,Yes,15,20,18,1,9,0,14,Yes
13,51,Male,Married,Research & Development,Manufacturing Director,Other,3,4,23240,16,3,4,4,1,2,3,Non-Travel,Yes,36,20,3,2,8,1,17,Yes
14,22,Female,Divorced,Sales,Sales Representative,Other,5,1,5727,21,2,3,3,3,2,4,Non-Travel,No,8,15,8,3,1,5,18,No
15,56,Female,Married,Sales,Sales Representative,Life Sciences,1,4,5259,24,0,3,4,4,2,3,Non-Travel,No,16,13,2,11,7,4,23,Yes
16,25,Male,Divorced,Research & Development,Research Scientist,Medical,4,2,5681,11,0,4,4,4,3,4,Travel_Rarely,Yes,22,4,1,5,3,5,4,No
17,44,Male,Single,Research & Development,Manufacturing Director,Other,3,4,21494,23,1,3,4,2,4,2,Travel_Rarely,Yes,6,39,12,1,7,1,7,No
18,40,Male,Single,Research & Development,Research Director,Life Sciences,3,3,22097,21,1,3,4,4,4,3,Travel_Rarely,Yes,1,19,3,8,2,4,9,No
19,45,Male,Divorced,Sales,Manager,Marketing,1,4,22657,11,1,3,4,4,3,4,Non-Travel,Yes,12,22,11,13,1,5,11,No
20,25,Male,Married,Research & Development,Manager,Other,4,2,20263,20,1,3,3,4,3,3,Travel_Frequently,No,13,19,13,10,7,3,15,No
21,48,Female,Divorced,Research & Development,Manufacturing Director,Medical,3,2,18924,23,0,3,3,2,2,3,Non-Travel,No,4,10,7,6,9,1,23,Yes
22,43,Female,Married,Research & Development,Research Director,Human Resources,4,1,16673,19,0,4,1,3,3,4,Travel_Rarely,Yes,33,15,10,14,9,6,24,Yes
23,53,Female,Married,Research & Development,Research Director,Marketing,5,4,21105,21,0,3,4,4,3,2,Travel_Frequently,No,21,28,10,2,2,1,8,No
24,31,Male,Married,Research & Development,Laboratory Technician,Human Resources,1,5,4079,17,1,4,3,2,3,3,Travel_Frequently,Yes,26,4,4,5,8,6,20,Yes
25,32,Female,Divorced,Research & Development,Research Director,Medical,5,5,20872,11,3,3,3,3,1,2,Travel_Frequently,No,27,17,4,14,2,0,9,No
26,47,Male,Married,Research & Development,Laboratory Technician,Other,5,1,8284,16,0,3,2,4,4,1,Travel_Frequently,No,1,20,7,6,0,4,5,No
27,60,Female,Married,Sales,Sales Representative,Other,1,2,4099,15,0,3,3,3,2,4,Non-Travel,No,24,7,6,3,1,4,23,Yes
28,24,Male,Divorced,Research & Development,Laboratory Technician,Marketing,1,5,7434,21,0,4,4,4,3,2,Travel_Rarely,Yes,23,19,14,4,6,1,24,No
29,35,Male,Married,Research & Development,Manager,Marketing,2,1,28103,15,2,3,4,3,3,3,Travel_Frequently,No,24,39,10,0,7,6,11,No
30,40,Male,Married,Sales,Sales Executive,Medical,4,4,8301,19,2,3,2,3,4,3,Non-Travel,Yes,1,16,2,9,3,3,23,No
31,55,Male,Divorced,Sales,Manager,Marketing,3,2,25096,12,1,3,3,4,3,4,Travel_Frequently,No,11,23,6,6,7,2,24,No
32,56,Male,Single,Research & Development,Manufacturing Director,Human Resources,2,3,15890,11,3,3,4,4,4,2,Travel_Frequently,No,31,18,3,0,9,2,16,Yes
33,29,Male,Single,Research & Development,Healthcare Representative,Other,1,2,6191,13,2,4,2,1,4,2,Travel_Rarely,No,35,3,3,4,9,6,20,No
34,42,Male,Married,Sales,Manager,Other,1,2,30448,21,0,3,4,2,2,2,Non-Travel,No,4,28,5,0,6,3,23,No
35,20,Female,Single,Research & Development,Healthcare Representative,Other,5,2,13119,17,0,3,2,2,2,3,Travel_Frequently,Yes,9,14,2,1,2,6,10,No
36,36,Male,Married,Research & Development,Manufacturing Director,Life Sciences,5,1,24588,25,0,3,1,2,3,2,Non-Travel,No,36,28,18,0,4,4,2,No
37,48,Male,Divorced,Research & Development,Laboratory Technician,Life Sciences,4,3,9731,17,0,3,3,4,4,3,Travel_Rarely,No,31,33,9,12,8,0,15,No
38,38,Male,Single,Sales,Sales Representative,Marketing,5,4,3869,21,0,3,4,2,3,2,Non-Travel,No,18,7,7,7,1,0,21,No
39,28,Male,Single,Research & Development,Laboratory Technician,Medical,4,3,7842,19,1,3,3,3,3,3,Travel_Rarely,Yes,29,19,17,4,6,1,20,No
40,22,Male,Divorced,Research & Development,Laboratory Technician,Marketing,5,5,6856,21,1,3,4,3,4,3,Travel_Frequently,No,35,17,17,12,7,2,28,No
41,33,Female,Single,Sales,Manager,Technical Degree,4,2,21505,18,3,3,3,4,4,3,Travel_Frequently,No,6,36,14,3,8,3,1,No
42,59,Female,Married,Research & Development,Research Director,Other,5,4,19742,16,1,4,1,3,4,3,Travel_Frequently,No,39,9,1,3,4,1,24,No
43,58,Male,Single,Sales,Sales Executive,Marketing,4,2,6242,14,1,3,3,4,3,2,Travel_Rarely,No,5,6,6,3,7,4,5,No
44,34,Female,Married,Sales,Manager,Human Resources,3,4,30143,22,0,4,2,2,1,3,Travel_Frequently,Yes,30,29,3,7,6,4,12,Yes
45,36,Female,Single,Research & Development,Manager,Marketing,2,5,16249,23,0,3,4,3,3,4,Travel_Frequently,Yes,8,1,2,0,0,2,26,No
46,41,Female,Married,Research & Development,Manufacturing Director,Marketing,5,5,19056,25,0,3,1,4,2,4,Non-Travel,Yes,18,8,5,1,7,0,5,Yes
47,43,Female,Married,Research & Development,Laboratory Technician,Other,3,5,10148,17,2,4,3,1,4,2,Travel_Rarely,Yes,1,35,17,10,9,1,21,No
48,37,Male,Married,Sales,Sales Representative,Human Resources,2,4,8620,18,0,4,1,4,1,3,Travel_Rarely,No,37,26,4,13,1,6,16,Yes
49,20,Male,Married,Research & Development,Healthcare Representative,Other,3,1,12720,17,0,4,2,4,3,4,Travel_Rarely,Yes,5,23,6,0,0,6,11,No
50,54,Male,Divorced,Sales,Sales Executive,Medical,5,1,8376,15,2,3,1,2,4,2,Travel_Rarely,Yes,11,13,1,10,0,1,1,No
51,55,Female,Divorced,Research & Development,Laboratory Technician,Technical Degree,4,3,8727,19,1,3,1,2,2,3,Travel_Rarely,No,33,20,9,14,0,0,16,No
52,24,Male,Married,Research & Development,Research Director,Other,5,5,27501,22,0,4,4,3,3,3,Travel_Rarely,Yes,38,31,13,3,1,6,21,Yes
53,31,Male,Married,Research & Development,Manufacturing Director,Technical Degree,3,3,25764,16,3,3,3,3,2,2,Travel_Frequently,No,5,27,2,13,1,5,24,No
54,53,Female,Divorced,Research & Development,Laboratory Technician,Technical Degree,1,3,5147,20,0,3,3,3,3,2,Travel_Frequently,Yes,30,3,1,0,5,6,18,No
55,54,Female,Divorced,Research & Development,Healthcare Representative,Other,3,1,11188,13,0,3,4,4,4,3,Non-Travel,Yes,11,14,4,12,1,1,24,No
56,23,Male,Single,Research & Development,Research Scientist,Human Resources,5,1,14527,25,0,3,2,3,3,4,Travel_Frequently,No,17,33,14,13,7,4,15,Yes
57,50,Male,Divorced,Research & Development,Laboratory Technician,Medical,4,5,4012,11,0,3,2,2,2,2,Non-Travel,No,16,7,4,5,1,0,16,No
58,26,Female,Divorced,Research & Development,Laboratory Technician,Life Sciences,4,1,7670,18,3,4,3,3,2,3,Non-Travel,No,40,24,13,9,1,3,1,Yes
59,57,Male,Married,Human Resources,Human Resources,Human Resources,1,4,9327,24,0,3,4,3,4,2,Travel_Rarely,Yes,32,29,3,6,5,2,24,No
60,33,Female,Single,Human Resources,Human Resources,Technical Degree,4,5,5672,23,1,3,1,4,2,3,Non-Travel,Yes,39,6,5,5,2,3,3,Yes
61,37,Male,Married,Research & Development,Manager,Marketing,1,1,21105,20,1,3,3,3,3,4,Travel_Rarely,No,2,17,14,6,5,4,16,No
62,46,Female,Single,Research & Development,Research Scientist,Technical Degree,5,5,6444,20,0,3,4,2,4,3,Non-Travel,Yes,21,6,0,5,1,2,4,Yes
63,36,Female,Single,Research & Development,Research Director,Marketing,3,4,25144,13,1,4,4,3,3,3,Non-Travel,No,21,16,4,2,6,4,12,Yes
64,29,Male,Single,Sales,Sales Representative,Life Sciences,5,5,5652,24,1,3,2,3,4,4,Travel_Rarely,Yes,39,13,2,9,6,1,6,Yes
65,57,Female,Divorced,Sales,Manager,Other,4,2,18331,19,0,4,4,4,1,4,Travel_Frequently,Yes,12,10,5,10,9,3,15,No
66,50,Male,Divorced,Research & Development,Research Director,Technical Degree,3,5,25112,25,0,4,3,4,2,3,Travel_Rarely,Yes,10,33,8,14,8,1,27,No
67,46,Female,Divorced,Research & Development,Laboratory Technician,Marketing,2,1,7138,16,3,3,4,3,3,4,Travel_Frequently,No,8,22,1,9,7,5,27,No
68,48,Male,Married,Sales,Manager,Other,5,5,28578,17,0,3,3,3,4,1,Travel_Rarely,Yes,26,28,14,2,1,6,29,No
69,19,Male,Married,Research & Development,Manufacturing Director,Human Resources,4,2,19282,21,1,3,3,3,2,4,Travel_Rarely,No,34,40,16,0,6,6,16,Yes
70,41,Female,Married,Sales,Sales Representative,Human Resources,3,2,7670,11,0,3,4,3,3,4,Travel_Rarely,Yes,29,16,15,5,2,0,23,No
71,20,Female,Married,Research & Development,Research Director,Human Resources,4,3,24866,11,2,3,2,3,4,4,Travel_Rarely,No,21,18,8,3,5,3,29,No
72,42,Female,Married,Research & Development,Research Director,Life Sciences,4,5,18584,24,0,3,4,1,3,3,Travel_Frequently,No,18,21,9,14,9,5,14,No
73,40,Female,Divorced,Sales,Sales Representative,Life Sciences,1,4,7862,16,1,3,1,2,4,1,Travel_Frequently,No,38,28,14,1,2,0,8,Yes
74,41,Male,Divorced,Research & Development,Healthcare Representative,Life Sciences,5,2,14331,19,0,3,4,2,1,4,Travel_Rarely,No,1,24,5,15,8,3,18,No
75,46,Male,Single,Sales,Sales Representative,Medical,4,1,6440,23,1,4,4,3,2,3,Travel_Frequently,Yes,4,13,8,8,4,2,28,Yes
76,58,Male,Single,Sales,Manager,Marketing,5,5,24244,16,1,4,4,2,3,4,Travel_Rarely,Yes,4,11,4,6,7,4,14,Yes
77,22,Female,Married,Research & Development,Manufacturing Director,Human Resources,5,2,20198,23,3,3,4,4,3,1,Travel_Frequently,No,7,8,8,2,4,1,6,Yes
78,32,Female,Single,Research & Development,Manager,Marketing,2,3,18094,20,1,3,4,2,3,4,Travel_Frequently,No,9,22,5,10,9,0,27,Yes
79,20,Female,Married,Research & Development,Research Scientist,Marketing,3,4,12803,14,2,3,2,2,2,1,Non-Travel,Yes,3,36,5,14,6,3,15,No
80,27,Male,Married,Sales,Manager,Life Sciences,3,2,18227,18,0,3,4,2,3,1,Travel_Frequently,Yes,24,20,13,7,2,6,11,No
81,30,Female,Married,Human Resources,Manager,Human Resources,4,2,25754,14,1,3,3,2,3,3,Travel_Frequently,No,30,10,4,8,0,6,4,Yes
82,41,Male,Divorced,Research & Development,Healthcare Representative,Technical Degree,5,4,13522,23,1,3,3,3,3,3,Non-Travel,Yes,8,25,3,12,5,6,11,No
83,27,Male,Single,Research & Development,Healthcare Representative,Technical Degree,5,4,9387,13,1,3,3,3,3,3,Travel_Rarely,Yes,10,12,6,9,4,4,11,Yes
84,52,Female,Married,Research & Development,Manufacturing Director,Human Resources,3,1,17367,20,1,4,4,4,2,4,Travel_Rarely,No,36,31,7,1,9,3,6,No
85,57,Male,Divorced,Research & Development,Manager,Technical Degree,2,4,21515,22,0,3,1,3,3,3,Travel_Rarely,Yes,3,24,4,6,8,2,22,Yes
86,38,Male,Married,Research & Development,Research Director,Medical,3,5,18102,15,0,4,3,2,3,3,Non-Travel,No,13,11,11,11,7,2,16,No
87,35,Female,Married,Research & Development,Manager,Marketing,1,3,25652,22,0,4,1,3,3,4,Travel_Frequently,No,13,18,6,8,8,5,9,No
88,55,Male,Single,Sales,Manager,Other,4,1,23878,21,2,3,2,3,3,4,Non-Travel,Yes,26,15,15,15,3,6,10,Yes
89,21,Male,Divorced,Research & Development,Manager,Medical,1,4,25061,23,1,4,3,4,2,4,Non-Travel,Yes,2,5,0,2,9,4,4,No
90,36,Female,Single,Human Resources,Manager,Marketing,2,4,24570,21,0,3,4,4,3,4,Travel_Frequently,No,36,29,6,5,9,6,21,No
91,50,Male,Single,Research & Development,Research Director,Marketing,4,2,17435,18,2,4,1,3,3,4,Travel_Rarely,No,0,20,8,11,3,0,22,No
92,28,Female,Married,Sales,Sales Representative,Marketing,5,2,8854,14,3,3,3,3,4,4,Non-Travel,Yes,23,25,13,15,8,6,22,No
93,56,Male,Single,Research & Development,Laboratory Technician,Human Resources,2,5,5225,19,0,3,3,3,3,2,Travel_Frequently,Yes,13,5,5,4,7,0,29,Yes
94,47,Male,Divorced,Research & Development,Research Scientist,Life Sciences,4,3,8040,24,0,3,3,1,3,3,Travel_Rarely,No,4,8,8,0,1,3,2,No
95,26,Female,Married,Sales,Sales Executive,Human Resources,2,3,13833,12,0,3,3,3,4,4,Travel_Frequently,No,14,26,0,0,4,3,22,Yes
96,52,Female,Single,Research & Development,Research Director,Life Sciences,1,4,22725,20,2,4,4,1,2,2,Travel_Frequently,No,6,24,1,14,9,5,23,Yes
97,20,Female,Single,Research & Development,Laboratory Technician,Human Resources,3,5,8654,20,2,3,3,2,3,4,Travel_Rarely,No,33,25,7,13,4,2,2,No
98,29,Male,Married,Research & Development,Manufacturing Director,Technical Degree,4,2,22989,15,0,3,3,3,3,4,Travel_Rarely,No,19,40,4,14,0,4,14,No
99,42,Female,Married,Human Resources,Human Resources,Medical,1,3,6460,17,1,3,2,4,3,2,Travel_Rarely,No,37,15,6,15,3,6,11,Yes
100,31,Male,Single,Research & Development,Research Scientist,Marketing,3,4,6970,18,1,3,4,2,2,3,Travel_Frequently,Yes,31,12,7,1,7,6,27,Yes
101,41,Male,Divorced,Research & Development,Laboratory Technician,Human Resources,5,4,6475,15,0,3,3,3,3,4,Travel_Rarely,Yes,31,20,17,10,4,6,27,Yes
102,59,Male,Single,Research & Development,Manager,Human Resources,1,5,27064,11,2,3,3,4,3,1,Travel_Frequently,Yes,0,31,13,4,3,0,23,No
103,50,Male,Divorced,Sales,Sales Executive,Human Resources,5,4,12207,11,0,3,3,3,3,3,Non-Travel,No,32,29,13,5,1,0,17,No
104,57,Male,Single,Sales,Sales Executive,Medical,2,3,13954,21,2,3,2,4,3,3,Travel_Frequently,No,2,33,2,12,6,3,18,No
105,18,Female,Married,Research & Development,Manager,Medical,2,5,26321,18,0,4,1,4,4,3,Non-Travel,Yes,34,10,9,10,0,1,28,No
106,55,Male,Single,Research & Development,Laboratory Technician,Technical Degree,5,3,4798,17,2,3,4,4,3,4,Travel_Frequently,No,32,9,5,0,1,3,8,Yes
107,56,Male,Single,Research & Development,Healthcare Representative,Medical,3,5,15204,17,0,3,4,3,3,2,Travel_Frequently,No,39,39,9,7,1,0,9,No
108,58,Male,Single,Sales,Manager,Marketing,1,2,24183,12,0,3,4,3,3,3,Travel_Rarely,Yes,1,9,1,5,8,0,20,No
109,42,Male,Divorced,Research & Development,Healthcare Representative,Technical Degree,2,2,6451,15,0,3,2,1,3,3,Travel_Rarely,Yes,26,0,1,1,1,2,9,No
110,56,Female,Single,Human Resources,Manager,Marketing,4,3,21531,17,2,4,2,4,2,2,Travel_Frequently,No,20,39,6,15,5,1,13,Yes
111,58,Male,Married,Human Resources,Manager,Life Sciences,5,2,22644,20,3,3,4,4,4,1,Travel_Frequently,No,29,31,6,14,4,6,23,No
112,49,Male,Single,Sales,Sales Representative,Human Resources,4,5,4212,17,1,4,3,4,2,3,Non-Travel,No,2,8,5,8,9,5,3,No
113,60,Male,Divorced,Sales,Sales Executive,Technical Degree,1,1,13807,12,0,3,2,3,3,3,Non-Travel,No,36,22,7,14,5,3,15,No
114,50,Male,Married,Research & Development,Manufacturing Director,Other,2,3,20785,15,0,3,2,3,1,3,Travel_Rarely,No,6,9,7,7,5,0,10,No
115,25,Male,Single,Sales,Manager,Marketing,5,4,21025,18,0,3,4,2,3,3,Non-Travel,Yes,27,1,1,0,9,1,15,No
116,18,Male,Divorced,Research & Development,Research Director,Marketing,3,2,25057,18,0,3,2,3,4,4,Travel_Rarely,Yes,20,13,9,6,9,3,19,No
117,47,Male,Divorced,Sales,Sales Representative,Medical,3,1,11858,13,0,3,2,3,3,3,Travel_Frequently,Yes,36,39,12,13,2,3,21,No
118,29,Female,Married,Research & Development,Manager,Life Sciences,4,2,22128,14,2,4,2,3,2,3,Travel_Rarely,No,31,35,13,14,7,1,3,No
119,36,Male,Married,Research & Development,Laboratory Technician,Life Sciences,3,5,4942,24,3,3,2,4,3,4,Travel_Rarely,No,28,2,1,3,1,5,27,No
120,37,Male,Married,Research & Development,Laboratory Technician,Other,5,3,4094,24,1,3,3,2,3,2,Travel_Rarely,Yes,13,2,1,0,9,2,18,No
121,28,Female,Married,Sales,Manager,Technical Degree,1,3,27044,24,1,3,4,2,2,2,Non-Travel,Yes,20,20,7,12,7,1,19,Yes
122,44,Female,Married,Research & Development,Manager,Technical Degree,4,3,28975,20,0,3,3,4,3,4,Travel_Rarely,No,29,24,11,2,8,3,7,No
123,49,Male,Divorced,Human Resources,Human Resources,Marketing,1,1,7848,12,1,3,2,1,2,4,Non-Travel,Yes,10,17,14,14,0,3,7,No
124,59,Male,Single,Human Resources,Human Resources,Other,2,1,7546,17,1,3,2,4,4,3,Travel_Frequently,No,5,19,3,0,3,3,3,Yes
125,51,Male,Married,Sales,Sales Executive,Life Sciences,1,1,11586,16,0,3,1,3,3,4,Travel_Rarely,Yes,8,28,4,2,8,4,1,No
126,46,Male,Married,Research & Development,Laboratory Technician,Life Sciences,2,1,7825,20,1,3,4,3,3,4,Travel_Rarely,No,15,22,8,2,3,4,20,No
127,36,Male,Single,Research & Development,Manufacturing Director,Life Sciences,2,4,19289,17,0,3,4,3,3,3,Travel_Frequently,Yes,0,1,1,1,2,3,28,No
128,41,Male,Single,Research & Development,Research Director,Life Sciences,4,5,29128,15,1,3,3,3,4,4,Travel_Rarely,Yes,5,34,17,4,4,0,10,Yes
129,27,Male,Divorced,Sales,Sales Executive,Medical,1,2,11708,12,3,3,2,3,3,1,Non-Travel,Yes,11,34,3,0,2,5,1,Yes
130,51,Female,Married,Sales,Sales Representative,Other,1,1,9999,16,2,3,4,1,3,4,Travel_Rarely,Yes,36,33,2,15,7,4,12,No
131,28,Male,Divorced,Sales,Manager,Life Sciences,1,2,22671,11,1,3,2,2,4,4,Non-Travel,Yes,2,23,17,13,3,2,8,Yes
132,38,Female,Divorced,Research & Development,Manager,Life Sciences,4,1,18981,25,1,3,4,4,3,3,Travel_Rarely,Yes,35,17,14,0,5,1,10,Yes
133,57,Female,Single,Research & Development,Healthcare Representative,Life Sciences,2,5,8879,16,1,3,3,1,3,3,Travel_Frequently,Yes,24,15,9,3,3,4,8,Yes
134,27,Female,Married,Research & Development,Research Scientist,Human Resources,1,5,8917,13,1,3,1,3,4,1,Non-Travel,No,8,17,7,9,4,6,11,No
135,38,Male,Single,Human Resources,Manager,Technical Degree,3,4,28772,12,1,4,3,2,2,3,Travel_Rarely,Yes,16,20,3,2,2,6,22,Yes
136,56,Male,Single,Research & Development,Manager,Life Sciences,3,3,17270,24,3,3,2,3,4,3,Travel_Rarely,Yes,35,2,1,0,7,0,26,No
137,18,Female,Single,Research & Development,Research Scientist,Other,1,5,6865,20,0,3,4,1,4,1,Travel_Rarely,No,28,3,1,0,5,0,2,No
138,28,Male,Single,Human Resources,Human Resources,Medical,2,3,12947,15,0,3,3,3,3,3,Travel_Frequently,No,18,36,15,13,8,3,2,No
139,26,Female,Single,Sales,Sales Representative,Marketing,4,5,8268,23,1,4,2,3,4,3,Non-Travel,Yes,11,26,0,10,9,1,1,No
140,21,Male,Single,Research & Development,Healthcare Representative,Human Resources,1,2,16351,20,2,3,3,3,4,4,Travel_Rarely,Yes,11,30,5,7,9,2,26,Yes
141,55,Male,Divorced,Research & Development,Healthcare Representative,Technical Degree,5,3,10502,13,1,3,4,2,3,2,Non-Travel,Yes,33,1,1,0,5,4,7,No
142,29,Female,Single,Research & Development,Healthcare Representative,Life Sciences,3,4,10571,20,0,3,1,2,2,2,Non-Travel,Yes,27,20,15,10,2,5,18,No
143,40,Female,Married,Research & Development,Manufacturing Director,Other,5,4,18521,24,3,4,3,1,4,3,Travel_Frequently,No,39,14,7,3,7,1,11,Yes
144,40,Male,Divorced,Research & Development,Laboratory Technician,Medical,1,3,7122,15,2,3,2,1,4,3,Travel_Rarely,No,26,20,5,13,7,3,12,No
145,48,Male,Married,Research & Development,Research Scientist,Life Sciences,3,3,12499,12,0,3,3,3,3,4,Travel_Rarely,Yes,35,36,2,10,9,4,29,No
146,45,Male,Single,Research & Development,Research Scientist,Other,5,5,6277,15,1,3,3,1,3,3,Travel_Rarely,No,35,10,7,2,0,2,1,No
147,60,Female,Single,Research & Development,Healthcare Representative,Technical Degree,1,3,16450,23,0,3,3,3,2,2,Travel_Rarely,Yes,34,40,12,5,5,3,12,No
148,34,Female,Divorced,Sales,Sales Executive,Life Sciences,1,3,12925,23,1,4,3,3,2,3,Travel_Frequently,Yes,24,28,16,13,8,5,28,Yes
149,48,Female,Single,Human Resources,Human Resources,Medical,2,2,7348,23,0,3,1,1,4,4,Non-Travel,Yes,12,19,4,8,5,5,26,Yes
150,53,Female,Married,Sales,Sales Representative,Human Resources,4,1,7876,17,0,3,3,3,4,4,Non-Travel,Yes,6,25,3,3,4,6,18,No
151,34,Male,Single,Research & Development,Research Director,Human Resources,4,1,27699,17,2,3,3,2,3,4,Travel_Frequently,Yes,17,24,11,0,5,6,26,Yes
152,49,Male,Divorced,Research & Development,Healthcare Representative,Other,4,5,7707,21,0,3,4,4,2,3,Travel_Frequently,No,31,6,5,0,8,6,6,No
153,50,Female,Single,Sales,Manager,Life Sciences,2,1,19597,18,0,3,1,2,4,3,Non-Travel,Yes,29,25,16,12,1,5,1,Yes
154,56,Female,Divorced,Sales,Sales Representative,Marketing,1,3,8951,11,0,3,2,3,4,4,Non-Travel,No,14,28,7,6,4,5,14,Yes
155,18,Female,Single,Research & Development,Manager,Marketing,3,4,31317,25,0,3,4,2,3,3,Non-Travel,Yes,33,30,12,3,0,4,22,Yes
156,53,Male,Married,Human Resources,Manager,Marketing,3,3,23436,21,1,4,3,2,2,2,Travel_Rarely,Yes,15,38,1,12,5,5,5,No
157,49,Female,Divorced,Research & Development,Manager,Medical,3,2,24919,21,1,3,2,4,3,4,Travel_Frequently,Yes,32,18,9,5,8,1,10,No
158,34,Male,Married,Sales,Sales Executive,Marketing,4,3,15587,16,0,3,4,4,2,3,Non-Travel,Yes,40,35,18,2,7,1,17,Yes
159,42,Female,Single,Sales,Manager,Technical Degree,2,3,22379,24,1,3,2,3,1,3,Travel_Rarely,Yes,11,33,10,1,0,3,9,Yes
160,54,Male,Single,Sales,Sales Executive,Technical Degree,4,1,10425,11,1,3,3,4,4,4,Travel_Rarely,No,33,10,3,0,0,5,24,No
161,40,Male,Married,Sales,Manager,Marketing,4,5,21239,20,1,3,1,4,3,2,Non-Travel,Yes,31,19,11,6,2,6,13,Yes
162,26,Female,Single,Sales,Sales Executive,Technical Degree,3,5,10557,20,0,4,4,3,3,3,Travel_Rarely,No,1,13,0,11,1,3,15,No
163,34,Female,Divorced,Research & Development,Manufacturing Director,Other,5,3,23152,20,1,3,4,4,2,2,Non-Travel,Yes,39,30,3,9,1,6,4,No
164,30,Male,Divorced,Research & Development,Manufacturing Director,Technical Degree,2,4,19325,16,0,3,4,1,4,2,Travel_Frequently,No,36,16,15,4,1,6,17,No
165,24,Female,Married,Sales,Manager,Life Sciences,3,3,17101,23,1,3,3,1,3,4,Travel_Frequently,No,2,16,0,4,2,2,12,Yes
166,35,Male,Married,Research & Development,Manufacturing Director,Technical Degree,4,4,20270,21,2,3,3,2,3,4,Travel_Rarely,No,10,5,0,3,9,3,26,No
167,29,Male,Divorced,Research & Development,Research Director,Technical Degree,4,1,23649,12,0,3,3,4,3,4,Travel_Rarely,Yes,36,39,18,7,5,4,17,No
168,24,Female,Divorced,Research & Development,Manufacturing Director,Human Resources,1,1,17858,21,3,3,3,3,2,3,Travel_Frequently,No,10,27,2,15,5,1,11,Yes
169,50,Male,Single,Human Resources,Human Resources,Life Sciences,4,4,6312,16,0,3,3,3,3,2,Travel_Rarely,No,26,14,1,0,1,6,20,No
170,50,Female,Married,Human Resources,Manager,Marketing,5,5,27283,20,1,3,2,4,3,2,Travel_Frequently,Yes,14,35,0,10,5,6,21,No
171,53,Female,Married,Human Resources,Manager,Technical Degree,1,3,27988,20,0,3,3,4,2,2,Travel_Rarely,Yes,12,33,10,3,6,0,21,No
172,25,Female,Single,Research & Development,Manufacturing Director,Human Resources,4,5,16274,18,3,3,3,4,3,4,Non-Travel,No,11,28,4,3,6,5,20,Yes
173,50,Male,Single,Research & Development,Healthcare Representative,Marketing,4,2,12738,13,0,3,3,4,3,3,Non-Travel,No,35,24,10,6,3,1,20,No
174,40,Female,Divorced,Research & Development,Manager,Human Resources,4,5,17237,20,3,3,4,3,3,4,Travel_Rarely,No,34,8,4,6,0,4,4,No
175,21,Male,Married,Sales,Sales Executive,Marketing,2,5,8620,11,0,3,2,3,4,4,Travel_Rarely,No,35,3,1,4,6,1,17,Yes
176,36,Male,Married,Research & Development,Manager,Human Resources,4,2,15573,25,1,3,4,3,3,3,Non-Travel,Yes,38,3,1,1,4,3,6,Yes
177,29,Male,Married,Human Resources,Human Resources,Human Resources,3,1,7906,16,1,4,4,1,2,4,Travel_Rarely,No,38,11,0,12,9,6,22,No
178,53,Female,Single,Research & Development,Manufacturing Director,Medical,4,5,18960,19,0,3,1,4,3,4,Non-Travel,Yes,21,22,11,9,3,6,20,No
179,59,Female,Divorced,Research & Development,Manufacturing Director,Marketing,4,1,20335,17,0,3,1,1,3,3,Travel_Rarely,Yes,23,0,1,1,0,2,29,No
180,50,Male,Divorced,Research & Development,Healthcare Representative,Other,2,4,6971,24,0,3,4,4,2,4,Non-Travel,Yes,27,5,5,6,1,5,22,No
181,39,Male,Divorced,Sales,Sales Representative,Marketing,4,4,3417,18,1,3,1,1,1,4,Travel_Frequently,Yes,34,2,0,0,9,0,23,Yes
182,50,Male,Single,Research & Development,Healthcare Representative,Technical Degree,1,4,7045,13,1,3,2,3,3,4,Non-Travel,No,34,6,4,2,4,5,29,No
183,18,Female,Single,Human Resources,Manager,Marketing,2,3,31539,14,0,3,4,3,2,2,Travel_Rarely,No,14,35,8,6,1,1,22,No
184,53,Female,Single,Research & Development,Research Scientist,Technical Degree,3,3,13544,13,1,3,3,2,1,1,Non-Travel,No,12,29,10,15,7,2,20,Yes
185,55,Male,Married,Research & Development,Manager,Medical,4,3,17838,24,0,3,3,3,3,3,Travel_Frequently,Yes,28,9,5,4,7,4,4,Yes
186,23,Female,Single,Sales,Manager,Other,1,1,24564,24,1,3,4,3,2,3,Non-Travel,No,37,17,6,1,8,2,18,No
187,48,Male,Divorced,Research & Development,Manufacturing Director,Life Sciences,4,3,20880,19,0,3,3,4,2,4,Non-Travel,No,10,9,8,2,7,1,6,Yes
188,60,Male,Single,Research & Development,Manufacturing Director,Marketing,3,2,18129,11,1,3,4,4,3,3,Travel_Frequently,Yes,29,9,0,0,5,0,23,No
189,34,Female,Married,Human Resources,Manager,Life Sciences,5,3,26903,17,3,3,3,3,2,4,Non-Travel,No,22,37,15,15,9,0,17,No
190,28,Female,Single,Research & Development,Research Director,Life Sciences,2,4,17702,23,0,3,1,3,3,3,Travel_Rarely,Yes,37,14,5,13,0,1,2,Yes
191,28,Female,Single,Sales,Manager,Human Resources,4,5,15537,20,1,4,3,4,1,4,Non-Travel,Yes,5,8,3,7,9,3,28,Yes
192,44,Female,Divorced,Research & Development,Laboratory Technician,Technical Degree,5,5,12153,12,0,3,1,1,3,2,Travel_Rarely,No,32,38,13,4,9,0,6,Yes
193,56,Female,Single,Research & Development,Manufacturing Director,Human Resources,1,4,20354,19,0,4,4,4,3,3,Travel_Rarely,No,30,2,3,2,9,6,24,No
194,45,Male,Married,Human Resources,Human Resources,Other,1,5,7111,19,0,3,2,3,4,4,Travel_Rarely,No,20,8,6,5,1,1,14,No
195,34,Male,Divorced,Research & Development,Healthcare Representative,Human Resources,4,2,13829,16,1,3,3,4,3,3,Travel_Frequently,No,25,34,4,3,3,3,26,No
196,24,Female,Divorced,Research & Development,Laboratory Technician,Life Sciences,1,2,5838,18,3,3,3,1,4,2,Non-Travel,Yes,5,13,9,0,6,3,20,Yes
197,56,Female,Married,Research & Development,Healthcare Representative,Human Resources,3,2,9661,11,2,3,4,4,4,3,Non-Travel,No,2,3,2,1,0,1,3,Yes
198,40,Male,Divorced,Human Resources,Manager,Other,5,5,29188,16,0,3,3,2,2,4,Travel_Rarely,Yes,29,25,12,0,4,1,14,No
199,22,Female,Married,Research & Development,Manufacturing Director,Human Resources,4,2,26214,23,0,3,2,4,4,4,Non-Travel,No,1,32,15,3,4,0,13,No
200,32,Male,Single,Research & Development,Laboratory Technician,Other,3,1,8271,19,3,3,3,3,3,4,Non-Travel,No,17,20,5,6,7,5,7,No
201,34,Male,Married,Sales,Sales Executive,Life Sciences,4,5,10604,11,2,3,2,1,4,3,Non-Travel,Yes,39,13,5,7,9,6,9,No
202,35,Male,Divorced,Research & Development,Manufacturing Director,Human Resources,3,4,16383,24,1,3,2,4,3,4,Travel_Rarely,No,29,25,10,0,0,5,7,No
203,38,Female,Married,Research & Development,Research Scientist,Marketing,3,2,9391,18,0,3,3,4,2,3,Non-Travel,Yes,25,23,8,14,2,4,5,Yes
204,24,Female,Single,Human Resources,Human Resources,Technical Degree,1,2,9807,17,1,4,4,4,3,3,Travel_Frequently,Yes,20,17,15,9,4,4,28,No
205,24,Male,Divorced,Research & Development,Research Director,Marketing,3,5,21277,19,3,3,1,1,4,2,Travel_Frequently,Yes,38,10,3,9,9,5,21,Yes
206,40,Male,Married,Research & Development,Healthcare Representative,Other,2,2,9298,21,2,3,3,3,3,3,Non-Travel,Yes,4,20,2,5,5,1,11,No
207,35,Male,Married,Research & Development,Healthcare Representative,Life Sciences,2,2,13382,21,0,3,3,4,2,2,Travel_Frequently,No,25,38,3,3,1,3,18,No
208,51,Male,Divorced,Sales,Sales Representative,Marketing,4,2,4742,13,1,3,1,1,3,3,Travel_Rarely,No,20,5,6,3,7,6,18,Yes
209,26,Female,Divorced,Human Resources,Manager,Marketing,3,4,19614,19,0,3,2,3,3,3,Non-Travel,No,9,34,9,0,0,4,27,No
210,40,Male,Married,Research & Development,Laboratory Technician,Marketing,5,2,6385,23,0,3,3,3,1,3,Travel_Frequently,No,25,18,7,5,6,6,13,Yes
211,45,Female,Divorced,Sales,Sales Executive,Marketing,4,2,15550,24,0,3,2,1,4,3,Non-Travel,No,28,40,8,15,3,2,1,No
212,19,Male,Divorced,Sales,Manager,Medical,1,4,23771,14,0,3,4,4,2,4,Travel_Rarely,No,29,11,11,12,0,2,3,No
213,21,Male,Single,Research & Development,Laboratory Technician,Technical Degree,1,1,7364,23,1,3,4,4,1,2,Travel_Frequently,Yes,2,17,6,14,1,4,22,No
214,42,Female,Single,Human Resources,Manager,Medical,3,1,19409,24,1,4,4,2,2,3,Non-Travel,Yes,0,19,5,8,9,0,13,Yes
215,20,Male,Single,Research & Development,Research Scientist,Technical Degree,1,5,14462,16,3,4,4,3,3,1,Non-Travel,No,9,37,17,3,2,3,8,No
216,59,Male,Single,Research & Development,Manufacturing Director,Life Sciences,4,4,17391,19,0,3,4,2,3,2,Travel_Rarely,No,22,22,10,14,4,6,27,No
217,28,Female,Divorced,Research & Development,Manufacturing Director,Human Resources,4,2,14716,25,0,4,3,4,3,2,Travel_Frequently,No,4,4,5,4,6,1,17,No
218,27,Male,Single,Research & Development,Manufacturing Director,Medical,2,1,26138,14,0,3,2,1,3,3,Travel_Frequently,Yes,24,39,15,8,0,2,8,Yes
219,18,Female,Married,Research & Development,Research Scientist,Technical Degree,3,1,9404,24,1,3,3,4,4,4,Travel_Rarely,Yes,4,13,3,8,1,0,24,No
220,30,Female,Single,Sales,Sales Representative,Human Resources,3,4,6560,22,1,4,3,2,2,2,Non-Travel,No,25,12,8,5,2,4,20,No
221,38,Male,Married,Research & Development,Healthcare Representative,Medical,5,5,15702,14,0,3,4,4,3,3,Travel_Frequently,No,28,35,14,12,0,5,2,No
222,51,Male,Single,Human Resources,Human Resources,Other,3,5,6893,19,1,4,4,2,3,1,Travel_Frequently,Yes,22,8,2,2,4,2,29,No
223,34,Female,Divorced,Research & Development,Laboratory Technician,Medical,4,5,6424,24,3,3,1,3,3,4,Travel_Rarely,Yes,36,19,12,2,0,6,11,No
224,44,Female,Divorced,Research & Development,Research Director,Life Sciences,3,5,17812,11,0,3,4,3,2,4,Non-Travel,Yes,9,7,0,6,7,6,20,No
225,32,Female,Married,Research & Development,Research Scientist,Human Resources,4,3,10618,12,0,3,2,4,3,4,Travel_Rarely,Yes,30,27,17,6,7,3,21,No
226,57,Male,Married,Research & Development,Manufacturing Director,Marketing,3,2,19661,16,0,3,2,4,1,2,Travel_Frequently,Yes,22,33,14,4,7,0,27,Yes
227,41,Female,Divorced,Sales,Manager,Medical,3,1,26955,16,1,3,4,3,4,1,Travel_Rarely,Yes,13,9,8,3,3,4,17,No
228,48,Female,Divorced,Research & Development,Manufacturing Director,Human Resources,1,3,22427,13,0,3,4,4,2,3,Non-Travel,Yes,29,39,0,2,6,5,9,No
229,41,Male,Married,Research & Development,Manager,Other,1,3,25323,18,2,3,1,2,4,3,Non-Travel,Yes,29,6,0,0,3,4,10,No
230,28,Female,Married,Research & Development,Research Director,Marketing,1,3,19773,25,0,4,2,4,3,4,Non-Travel,Yes,17,1,0,0,5,3,22,No
231,42,Male,Divorced,Sales,Manager,Technical Degree,3,5,29483,16,0,3,4,3,3,3,Non-Travel,Yes,12,33,4,9,8,1,14,No
232,59,Female,Divorced,Human Resources,Human Resources,Medical,1,3,12271,25,3,4,4,3,3,4,Non-Travel,Yes,40,36,8,4,3,0,5,Yes
233,57,Male,Single,Sales,Manager,Other,4,2,23505,19,2,3,3,3,3,2,Non-Travel,Yes,24,17,15,15,2,1,7,No
234,18,Female,Single,Sales,Sales Representative,Technical Degree,5,4,6758,22,0,3,4,2,2,3,Non-Travel,Yes,2,17,12,10,6,4,24,Yes
235,51,Male,Single,Research & Development,Manufacturing Director,Technical Degree,5,1,12950,14,0,3,3,3,3,4,Travel_Rarely,No,29,2,1,3,4,4,2,No
236,47,Male,Divorced,Research & Development,Laboratory Technician,Life Sciences,2,4,9733,20,2,4,1,4,3,2,Travel_Rarely,Yes,20,28,5,3,1,0,23,No
237,23,Male,Divorced,Research & Development,Healthcare Representative,Medical,3,5,13324,24,1,3,4,4,3,2,Non-Travel,Yes,3,33,13,9,4,5,25,No
238,58,Male,Single,Human Resources,Manager,Technical Degree,5,1,15260,20,2,3,1,3,2,3,Travel_Rarely,No,26,11,7,1,9,4,1,Yes
239,35,Female,Single,Sales,Manager,Life Sciences,2,1,28779,21,1,3,3,3,4,2,Travel_Rarely,Yes,6,39,13,5,2,5,10,Yes
240,56,Male,Divorced,Research & Development,Manager,Marketing,3,3,22208,25,0,3,4,3,2,3,Travel_Frequently,No,18,36,15,4,1,5,28,No
241,44,Female,Single,Sales,Manager,Other,3,4,31340,20,2,3,2,3,2,3,Travel_Rarely,Yes,8,33,18,15,8,5,21,Yes
242,57,Female,Single,Research & Development,Laboratory Technician,Other,2,5,7489,17,0,3,4,3,4,3,Travel_Rarely,Yes,0,14,6,9,4,6,3,No
243,53,Female,Married,Research & Development,Manufacturing Director,Life Sciences,2,2,24106,16,2,4,4,3,2,3,Travel_Frequently,No,2,20,4,15,2,5,15,No
244,39,Female,Single,Research & Development,Manufacturing Director,Human Resources,5,1,20186,14,1,3,4,4,3,4,Non-Travel,No,4,29,4,8,0,2,13,No
245,54,Male,Divorced,Research & Development,Laboratory Technician,Life Sciences,4,2,10037,16,1,4,3,2,3,3,Travel_Frequently,No,7,38,11,1,3,0,15,No
246,50,Male,Divorced,Research & Development,Research Director,Life Sciences,5,2,24939,14,1,3,2,4,4,3,Non-Travel,No,0,9,4,0,9,6,3,No
247,24,Male,Divorced,Research & Development,Research Scientist,Medical,2,3,12491,15,1,3,4,3,3,3,Travel_Rarely,No,10,33,8,3,0,4,18,No
248,52,Male,Married,Research & Development,Laboratory Technician,Marketing,5,4,9119,11,0,3,3,3,2,2,Non-Travel,Yes,3,22,2,13,6,1,23,Yes
249,58,Female,Divorced,Research & Development,Manufacturing Director,Technical Degree,5,2,26218,12,2,4,3,3,3,3,Travel_Rarely,Yes,29,28,15,7,3,1,28,No
250,41,Male,Married,Research & Development,Healthcare Representative,Life Sciences,3,4,14728,18,2,3,2,3,4,3,Travel_Frequently,No,32,25,3,12,1,2,18,No
251,52,Male,Single,Research & Development,Healthcare Representative,Marketing,2,5,12595,17,2,3,3,4,3,3,Non-Travel,Yes,15,29,5,2,9,6,16,No
252,47,Male,Married,Sales,Manager,Human Resources,4,3,21659,18,1,3,3,2,4,2,Travel_Rarely,No,37,20,0,4,2,3,18,No
253,54,Female,Married,Sales,Manager,Other,3,1,29201,20,0,4,2,3,3,2,Travel_Frequently,No,18,28,1,11,8,0,1,No
254,25,Female,Divorced,Research & Development,Healthcare Representative,Technical Degree,4,4,10513,19,0,3,4,2,2,3,Non-Travel,No,23,18,13,4,4,6,22,No
255,22,Female,Married,Sales,Sales Executive,Technical Degree,4,5,5901,25,0,3,1,3,4,3,Non-Travel,Yes,28,1,1,1,3,1,14,Yes
256,49,Male,Divorced,Research & Development,Manufacturing Director,Technical Degree,3,1,19346,20,1,3,4,2,2,4,Non-Travel,No,17,15,14,2,8,4,3,Yes
257,60,Male,Married,Sales,Manager,Life Sciences,4,4,25485,19,3,3,3,3,3,3,Non-Travel,Yes,18,4,2,1,0,5,20,No
258,54,Male,Divorced,Research & Development,Manager,Other,5,1,24824,15,1,3,1,1,3,4,Travel_Rarely,Yes,16,16,4,8,4,6,9,No
259,56,Male,Married,Sales,Sales Executive,Other,2,4,9854,13,2,4,4,3,3,2,Non-Travel,No,9,11,9,2,7,6,14,No
260,60,Male,Divorced,Research & Development,Laboratory Technician,Life Sciences,1,2,8233,18,0,3,4,4,2,4,Non-Travel,No,34,28,7,12,6,3,9,Yes
261,18,Male,Married,Sales,Sales Representative,Marketing,4,5,7233,25,1,3,4,2,3,4,Non-Travel,Yes,16,18,18,12,7,6,22,Yes
262,55,Female,Married,Research & Development,Manager,Life Sciences,4,1,27773,19,0,3,3,2,3,3,Travel_Rarely,Yes,12,12,0,0,9,0,2,No
263,56,Female,Divorced,Human Resources,Human Resources,Other,5,2,11847,25,0,3,1,2,4,4,Travel_Rarely,Yes,4,40,14,8,6,5,29,No
264,34,Male,Married,Research & Development,Healthcare Representative,Marketing,2,4,9971,12,1,4,4,3,2,2,Travel_Rarely,No,31,10,1,2,8,6,14,No
265,24,Male,Single,Sales,Manager,Technical Degree,2,1,29536,25,0,3,4,2,2,3,Travel_Rarely,No,25,28,18,0,8,5,25,No
266,43,Female,Married,Research & Development,Research Director,Marketing,3,3,21689,17,0,4,3,3,1,3,Non-Travel,Yes,21,4,0,3,4,5,7,No
267,42,Female,Divorced,Sales,Sales Executive,Technical Degree,2,2,10672,11,0,3,2,3,3,3,Travel_Rarely,No,4,12,12,8,4,3,18,No
268,19,Female,Single,Human Resources,Manager,Other,5,4,22106,21,2,3,2,4,3,2,Non-Travel,No,4,2,0,1,7,5,1,Yes
269,20,Female,Divorced,Research & Development,Manufacturing Director,Life Sciences,4,5,17274,13,2,3,4,4,2,2,Travel_Rarely,Yes,38,15,7,2,3,3,11,No
270,43,Female,Single,Research & Development,Manager,Life Sciences,5,2,20493,16,0,3,1,4,3,2,Non-Travel,No,23,20,17,5,7,1,19,No
271,58,Female,Single,Sales,Sales Executive,Other,5,3,16620,17,1,3,3,3,2,2,Travel_Frequently,Yes,9,39,8,14,6,1,6,Yes
272,56,Male,Divorced,Research & Development,Research Scientist,Medical,2,1,9666,19,3,3,4,4,3,4,Travel_Rarely,No,32,11,3,7,3,2,2,No
273,48,Male,Single,Sales,Sales Executive,Marketing,5,4,15301,11,0,3,2,3,3,2,Travel_Rarely,No,1,31,15,3,1,1,24,No
274,38,Male,Single,Research & Development,Manufacturing Director,Other,4,2,25289,17,2,3,2,3,3,1,Travel_Frequently,Yes,27,26,4,6,9,3,6,Yes
275,47,Male,Married,Research & Development,Laboratory Technician,Marketing,2,1,6027,24,1,3,3,4,4,2,Travel_Rarely,Yes,18,12,9,2,9,1,19,Yes
276,23,Male,Divorced,Human Resources,Human Resources,Other,4,2,10267,14,0,3,4,4,3,3,Travel_Rarely,No,9,26,18,0,6,0,2,No
277,45,Male,Single,Human Resources,Human Resources,Life Sciences,4,2,12669,13,0,3,3,4,4,1,Non-Travel,No,19,33,5,14,9,5,19,No
278,47,Male,Divorced,Sales,Sales Representative,Other,1,4,5312,25,1,3,4,2,3,4,Travel_Frequently,No,39,8,8,9,3,6,22,No
279,21,Female,Single,Sales,Sales Representative,Marketing,3,2,10229,21,1,3,4,4,3,2,Travel_Rarely,No,21,32,7,3,7,5,25,Yes
280,31,Male,Divorced,Research & Development,Manager,Marketing,4,4,25696,19,1,3,2,4,4,4,Non-Travel,No,34,14,9,14,9,2,26,No
281,22,Female,Married,Research & Development,Manager,Life Sciences,2,3,26497,12,1,3,4,4,3,3,Travel_Rarely,Yes,40,12,0,4,6,5,18,No
282,40,Female,Single,Human Resources,Manager,Human Resources,3,4,22259,20,0,3,3,3,3,3,Travel_Frequently,Yes,33,26,17,14,7,2,19,Yes
283,28,Male,Single,Sales,Sales Representative,Medical,5,2,6295,22,1,3,2,2,3,4,Travel_Frequently,Yes,9,16,5,7,1,0,11,Yes
284,34,Male,Divorced,Research & Development,Research Director,Technical Degree,5,2,17727,19,0,4,2,3,3,3,Travel_Rarely,No,9,23,14,10,2,0,24,No
285,39,Female,Divorced,Research & Development,Manufacturing Director,Technical Degree,3,1,20171,22,1,3,3,3,2,2,Non-Travel,Yes,1,18,12,7,7,2,3,No
286,59,Female,Single,Research & Development,Manufacturing Director,Other,1,5,13277,17,0,3,3,3,2,4,Travel_Frequently,Yes,23,12,6,2,6,2,13,Yes
287,40,Male,Single,Research & Development,Healthcare Representative,Technical Degree,4,3,12094,13,2,4,2,3,3,4,Non-Travel,Yes,8,22,18,2,2,1,10,No
288,39,Female,Single,Research & Development,Manufacturing Director,Technical Degree,2,5,16997,18,1,3,4,2,3,2,Travel_Frequently,Yes,24,4,2,4,7,0,27,No
289,37,Female,Single,Research & Development,Manufacturing Director,Other,4,1,19708,21,1,3,3,2,3,4,Travel_Rarely,Yes,15,31,0,3,4,3,3,Yes
290,55,Female,Divorced,Research & Development,Healthcare Representative,Marketing,5,5,14351,11,2,3,3,1,4,3,Non-Travel,No,8,30,11,5,0,2,12,No
291,21,Male,Divorced,Research & Development,Healthcare Representative,Life Sciences,5,2,9010,19,0,3,2,4,3,4,Travel_Rarely,Yes,17,18,11,3,8,4,12,No
292,26,Male,Married,Research & Development,Research Scientist,Medical,2,5,10879,20,1,4,2,4,4,4,Travel_Frequently,Yes,7,33,13,14,1,0,27,Yes
293,48,Male,Divorced,Sales,Sales Executive,Other,1,2,13285,13,2,3,2,2,3,2,Travel_Frequently,No,8,22,2,13,1,0,1,Yes
294,20,Female,Divorced,Research & Development,Research Director,Life Sciences,1,3,18722,21,0,3,1,2,4,3,Non-Travel,Yes,37,12,3,2,5,0,3,No
295,35,Male,Divorced,Sales,Manager,Human Resources,1,5,21770,14,1,4,2,2,2,4,Non-Travel,Yes,0,37,3,6,8,6,23,No
296,55,Male,Married,Research & Development,Manager,Technical Degree,1,3,21608,12,1,3,3,3,4,3,Travel_Rarely,No,18,11,8,11,0,0,11,No
297,36,Female,Single,Research & Development,Research Director,Medical,1,4,27039,21,0,3,3,3,3,4,Travel_Frequently,No,25,29,14,2,1,1,13,No
298,24,Female,Single,Research & Development,Manufacturing Director,Other,4,3,14766,23,1,3,1,2,4,4,Travel_Frequently,No,25,10,5,7,9,3,16,Yes
299,47,Female,Divorced,Research & Development,Laboratory Technician,Life Sciences,4,1,5094,13,0,3,1,2,3,3,Travel_Rarely,Yes,6,6,1,7,7,1,10,Yes
300,50,Male,Divorced,Research & Development,Research Director,Technical Degree,1,4,16224,18,0,3,3,3,4,1,Non-Travel,Yes,35,16,9,5,7,3,5,No
301,49,Female,Divorced,Research & Development,Research Director,Human Resources,1,4,14020,15,1,4,3,3,3,3,Non-Travel,No,18,7,5,0,0,4,2,No
302,40,Female,Married,Sales,Sales Representative,Technical Degree,3,1,10845,21,0,3,1,3,4,2,Travel_Frequently,Yes,4,37,9,3,5,1,1,Yes
303,47,Female,Single,Research & Development,Research Scientist,Technical Degree,5,4,11755,16,1,3,3,1,4,4,Travel_Frequently,No,21,27,15,10,2,4,10,No
304,30,Male,Divorced,Research & Development,Research Director,Human Resources,4,2,25849,20,1,3,3,4,4,2,Travel_Rarely,Yes,21,31,8,2,9,6,17,No
305,40,Male,Married,Research & Development,Laboratory Technician,Human Resources,5,4,4942,21,2,3,3,1,3,4,Travel_Frequently,No,11,4,4,3,3,5,27,No
306,35,Male,Divorced,Research & Development,Research Director,Medical,2,2,31710,22,1,3,3,3,3,3,Travel_Frequently,Yes,4,40,6,13,4,6,10,No
307,56,Male,Single,Research & Development,Healthcare Representative,Technical Degree,5,4,10960,17,1,3,3,2,2,2,Travel_Rarely,Yes,16,15,8,5,0,5,16,No
308,23,Female,Married,Research & Development,Research Scientist,Medical,2,1,9457,20,1,4,3,3,4,4,Travel_Frequently,Yes,33,20,8,15,1,1,20,No
309,39,Male,Single,Sales,Sales Representative,Medical,3,4,11439,17,0,3,4,3,4,3,Non-Travel,No,7,37,10,13,7,5,8,Yes
310,41,Female,Divorced,Human Resources,Human Resources,Life Sciences,2,3,10289,19,0,3,4,4,4,4,Travel_Rarely,Yes,7,30,17,7,7,3,1,No
311,34,Male,Married,Human Resources,Manager,Technical Degree,3,4,22146,23,0,4,1,4,4,4,Travel_Rarely,Yes,30,19,13,10,6,6,4,No
312,34,Male,Divorced,Research & Development,Manager,Life Sciences,2,4,20150,23,1,3,1,2,3,3,Non-Travel,No,36,32,2,3,2,1,17,No
313,26,Male,Married,Research & Development,Manager,Medical,5,3,20673,23,0,3,3,3,4,3,Travel_Frequently,No,24,38,18,7,0,0,18,No
314,32,Male,Single,Research & Development,Manager,Marketing,2,1,26023,16,0,3,4,1,2,3,Non-Travel,Yes,29,5,6,5,7,0,8,No
315,35,Male,Single,Research & Development,Laboratory Technician,Other,2,4,8006,13,0,3,4,2,3,3,Travel_Frequently,Yes,39,18,14,7,5,4,22,No
316,18,Female,Married,Research & Development,Research Scientist,Other,5,3,12995,12,0,3,1,3,3,2,Non-Travel,Yes,22,30,1,0,4,4,20,No
317,60,Male,Divorced,Research & Development,Research Director,Marketing,4,2,21507,12,0,3,1,2,4,2,Travel_Rarely,Yes,2,23,4,15,4,5,12,Yes
318,34,Male,Married,Human Resources,Manager,Technical Degree,2,5,22759,24,3,3,4,3,4,2,Non-Travel,No,3,39,7,5,0,3,9,No
319,45,Male,Married,Sales,Sales Representative,Technical Degree,4,1,4001,24,1,3,4,3,4,2,Travel_Rarely,No,18,7,2,2,8,6,9,No
320,55,Male,Divorced,Research & Development,Manager,Technical Degree,1,3,18540,11,0,4,3,2,4,3,Non-Travel,Yes,6,13,13,5,2,0,3,No
321,60,Male,Divorced,Research & Development,Manager,Human Resources,4,3,25752,22,3,4,3,4,4,2,Non-Travel,Yes,3,30,9,10,0,5,3,No
322,42,Male,Single,Research & Development,Manufacturing Director,Technical Degree,3,2,19003,12,0,3,3,4,2,4,Travel_Frequently,Yes,38,5,1,2,1,6,12,No
323,46,Female,Single,Research & Development,Research Director,Technical Degree,4,1,24722,11,1,4,3,3,3,3,Travel_Frequently,No,9,24,15,2,4,3,14,No
324,37,Male,Single,Sales,Sales Representative,Life Sciences,1,5,4679,12,1,3,4,3,3,4,Travel_Frequently,No,16,9,5,4,9,0,25,Yes
325,60,Female,Single,Research & Development,Research Scientist,Marketing,5,4,13863,23,1,3,2,2,2,4,Travel_Frequently,Yes,11,29,6,5,1,5,20,Yes
326,24,Male,Single,Sales,Manager,Technical Degree,5,4,27558,15,1,4,3,3,1,4,Travel_Rarely,Yes,25,27,9,2,2,1,1,No
327,30,Female,Single,Sales,Sales Executive,Human Resources,2,1,7777,15,2,3,2,3,3,2,Non-Travel,No,9,1,2,2,7,3,16,No
328,55,Female,Single,Sales,Sales Representative,Other,4,4,6626,24,1,3,2,4,3,4,Travel_Frequently,No,2,15,15,12,7,4,19,Yes
329,49,Male,Divorced,Research & Development,Manager,Other,4,4,20899,12,1,4,4,3,3,4,Travel_Frequently,No,1,14,5,9,3,3,12,No
330,32,Male,Divorced,Research & Development,Manufacturing Director,Other,4,4,20501,24,3,3,4,3,3,3,Non-Travel,No,10,37,6,9,1,5,16,No
331,28,Male,Married,Sales,Sales Executive,Life Sciences,3,3,14210,16,1,3,3,4,4,3,Travel_Frequently,Yes,4,38,10,13,1,4,8,Yes
332,49,Female,Divorced,Sales,Sales Executive,Human Resources,5,1,11769,22,0,4,4,4,4,4,Travel_Rarely,No,7,16,3,3,8,0,17,No
333,25,Male,Divorced,Sales,Manager,Life Sciences,2,3,15533,16,2,3,4,2,2,4,Travel_Frequently,No,0,13,3,13,7,2,10,No
334,35,Female,Divorced,Research & Development,Research Scientist,Technical Degree,2,2,9203,23,0,4,4,4,3,4,Non-Travel,Yes,33,23,11,0,7,1,25,Yes
335,22,Male,Married,Sales,Manager,Other,2,5,14336,11,3,4,2,4,3,4,Travel_Rarely,Yes,18,5,3,3,8,6,10,No
336,40,Male,Single,Research & Development,Healthcare Representative,Human Resources,5,5,5463,21,0,3,4,4,4,3,Non-Travel,No,12,0,1,0,0,4,11,No
337,26,Female,Divorced,Research & Development,Manager,Medical,1,1,30257,25,2,3,4,2,2,4,Travel_Rarely,No,27,33,16,3,0,6,12,No
338,40,Male,Married,Sales,Manager,Marketing,2,5,23121,20,1,4,1,3,3,4,Travel_Rarely,No,14,7,5,4,4,5,26,No
339,26,Male,Divorced,Research & Development,Manufacturing Director,Life Sciences,2,4,20278,24,0,3,3,3,2,2,Travel_Frequently,Yes,13,24,14,2,5,5,17,No
340,51,Female,Married,Research & Development,Manufacturing Director,Other,4,2,16527,13,1,3,4,3,3,4,Non-Travel,No,32,25,16,3,3,3,16,No
341,53,Male,Single,Sales,Sales Executive,Human Resources,2,1,11871,16,0,3,4,2,2,1,Travel_Frequently,Yes,9,23,4,13,0,2,29,Yes
342,49,Male,Married,Sales,Sales Executive,Marketing,4,4,7183,24,1,3,1,4,3,3,Travel_Rarely,No,29,0,1,1,2,6,24,No
343,60,Female,Married,Research & Development,Manufacturing Director,Other,3,1,20118,24,0,3,3,3,2,4,Travel_Frequently,Yes,19,39,17,3,8,0,7,No
344,54,Male,Single,Human Resources,Human Resources,Medical,2,5,11439,18,0,3,2,3,3,3,Travel_Rarely,Yes,31,33,0,10,6,1,14,No
345,38,Male,Divorced,Sales,Manager,Life Sciences,2,3,22630,17,1,3,2,4,2,2,Travel_Rarely,Yes,3,24,9,12,1,2,5,Yes
346,34,Male,Single,Research & Development,Healthcare Representative,Technical Degree,5,5,13283,17,3,3,4,3,4,3,Travel_Rarely,Yes,4,24,15,0,6,5,8,No
347,35,Male,Divorced,Human Resources,Human Resources,Life Sciences,5,2,12518,23,3,3,4,4,3,4,Travel_Rarely,Yes,34,35,13,14,0,0,27,No
348,36,Male,Married,Research & Development,Manufacturing Director,Marketing,2,5,12975,24,1,3,1,4,4,3,Travel_Frequently,No,19,10,1,6,1,6,5,No
349,45,Female,Divorced,Research & Development,Healthcare Representative,Other,4,3,9816,14,1,3,3,2,4,4,Travel_Frequently,No,21,13,0,14,2,5,1,No
350,18,Female,Married,Research & Development,Research Scientist,Other,1,5,8906,11,2,3,3,3,4,2,Non-Travel,No,24,11,9,5,6,1,27,No
351,18,Female,Single,Research & Development,Manager,Other,3,2,20564,12,2,3,3,4,4,2,Travel_Frequently,Yes,31,7,5,0,4,3,29,No
352,31,Male,Single,Research & Development,Manufacturing Director,Human Resources,2,5,19493,21,1,3,2,1,4,2,Travel_Frequently,No,4,0,0,1,9,6,8,No
353,35,Female,Divorced,Research & Development,Manager,Life Sciences,4,1,23548,24,3,3,4,4,1,3,Non-Travel,No,33,12,7,7,5,4,25,No
354,32,Male,Married,Sales,Manager,Human Resources,1,2,15427,22,0,3,2,2,3,2,Travel_Frequently,Yes,19,3,0,0,0,3,14,Yes
355,58,Female,Single,Research & Development,Manufacturing Director,Human Resources,2,1,15440,23,1,3,4,1,2,3,Travel_Frequently,No,7,21,2,1,0,3,11,No
356,22,Female,Married,Research & Development,Manager,Human Resources,1,3,22540,24,0,3,1,4,4,2,Travel_Rarely,No,38,8,9,0,7,3,15,Yes
357,57,Male,Married,Research & Development,Manufacturing Director,Life Sciences,5,1,11978,20,2,3,2,3,4,3,Travel_Rarely,No,16,6,5,6,7,5,20,No
358,26,Female,Divorced,Research & Development,Laboratory Technician,Medical,2,4,4205,15,1,3,1,4,3,3,Travel_Frequently,No,9,2,0,1,8,6,27,Yes
359,45,Male,Single,Research & Development,Research Scientist,Other,4,5,12403,22,0,3,2,4,2,3,Travel_Rarely,No,26,22,10,5,1,3,29,Yes
360,49,Male,Single,Research & Development,Research Scientist,Other,3,4,9298,14,0,3,4,1,3,1,Non-Travel,No,22,14,0,3,2,2,15,No
361,41,Female,Single,Sales,Manager,Marketing,5,2,18099,13,0,3,4,2,2,2,Travel_Frequently,Yes,8,2,3,0,5,1,10,No
362,41,Female,Married,Research & Development,Healthcare Representative,Medical,2,2,10627,19,0,3,4,3,4,4,Non-Travel,Yes,15,10,0,9,9,1,28,Yes
363,38,Male,Divorced,Research & Development,Laboratory Technician,Technical Degree,5,1,6499,13,1,3,1,3,4,3,Travel_Rarely,No,31,15,16,14,2,2,23,No
364,48,Female,Divorced,Research & Development,Manager,Technical Degree,2,4,25906,14,0,4,3,3,3,4,Non-Travel,Yes,23,31,8,2,2,6,3,No
365,40,Male,Married,Sales,Manager,Marketing,4,3,27553,15,0,3,3,2,3,3,Non-Travel,No,22,14,2,9,8,4,18,No
366,32,Male,Single,Research & Development,Healthcare Representative,Marketing,3,2,8477,22,1,3,1,4,3,4,Non-Travel,No,34,6,4,0,4,2,27,Yes
367,43,Male,Divorced,Research & Development,Research Director,Other,2,4,30934,14,1,3,4,4,1,4,Non-Travel,Yes,29,37,10,2,5,6,7,No
368,44,Male,Married,Research & Development,Manager,Other,1,4,26893,23,1,3,3,2,4,3,Travel_Rarely,Yes,25,13,12,12,8,2,11,No
369,20,Male,Divorced,Research & Development,Manufacturing Director,Technical Degree,1,5,14155,17,0,3,2,3,4,3,Travel_Frequently,No,19,8,1,2,1,5,18,No
370,56,Female,Married,Sales,Manager,Life Sciences,4,1,19834,16,1,3,1,4,2,3,Travel_Frequently,Yes,10,31,3,4,8,3,16,Yes
371,31,Male,Divorced,Research & Development,Research Director,Marketing,5,2,14809,19,1,3,4,2,3,4,Non-Travel,No,28,8,1,6,9,6,8,No
372,49,Female,Married,Research & Development,Manufacturing Director,Marketing,4,5,16491,24,2,3,3,2,1,4,Travel_Rarely,No,27,29,14,12,2,5,19,No
373,20,Male,Divorced,Sales,Manager,Other,2,4,16954,17,3,3,4,4,2,1,Non-Travel,No,6,15,16,10,6,3,6,No
374,20,Female,Divorced,Sales,Manager,Medical,4,1,27258,11,0,3,1,2,3,4,Non-Travel,No,29,29,15,14,1,0,18,No
375,46,Male,Single,Research & Development,Manager,Life Sciences,5,4,15257,13,0,3,3,3,2,2,Travel_Rarely,Yes,22,8,2,3,0,5,18,No
376,21,Male,Divorced,Sales,Manager,Life Sciences,5,1,24816,11,2,3,4,4,3,3,Non-Travel,Yes,15,40,6,2,0,3,1,No
377,30,Male,Single,Human Resources,Manager,Marketing,3,5,24322,21,0,3,2,3,4,4,Non-Travel,Yes,7,4,1,1,1,2,11,Yes
378,59,Male,Single,Sales,Sales Representative,Life Sciences,2,4,6302,15,2,3,1,4,2,4,Travel_Rarely,No,36,20,5,8,1,4,11,No
379,26,Male,Married,Human Resources,Manager,Human Resources,4,4,27334,19,1,3,2,3,4,4,Non-Travel,No,14,21,0,3,4,1,24,Yes
380,57,Female,Single,Research & Development,Laboratory Technician,Medical,5,4,4076,22,2,3,1,3,3,4,Travel_Frequently,Yes,2,5,4,6,6,5,27,Yes
381,32,Female,Divorced,Sales,Sales Executive,Medical,5,4,9651,19,0,3,2,1,2,4,Travel_Rarely,Yes,4,21,6,1,2,1,5,No
382,53,Male,Married,Sales,Manager,Technical Degree,2,5,24233,14,0,3,2,4,1,2,Non-Travel,No,30,13,1,5,6,3,6,Yes
383,50,Male,Single,Research & Development,Research Director,Marketing,5,5,27347,13,1,3,4,3,4,3,Travel_Frequently,No,18,39,12,15,1,2,5,No
384,27,Female,Divorced,Research & Development,Laboratory Technician,Technical Degree,3,4,6905,18,0,4,1,1,4,4,Non-Travel,No,7,12,6,9,2,1,25,No
385,40,Female,Divorced,Research & Development,Healthcare Representative,Other,2,2,15509,18,0,3,4,3,3,4,Travel_Frequently,Yes,9,32,8,14,2,2,8,No
386,28,Female,Married,Research & Development,Manager,Life Sciences,5,2,22994,25,0,3,1,2,1,3,Non-Travel,No,34,0,1,1,6,6,29,No
387,24,Male,Married,Human Resources,Human Resources,Marketing,1,2,12326,24,1,3,3,4,4,3,Travel_Rarely,Yes,26,40,9,13,2,1,12,No
388,30,Male,Divorced,Sales,Sales Executive,Medical,2,3,11940,25,2,3,2,4,4,2,Travel_Frequently,Yes,40,31,5,2,4,0,13,Yes
389,39,Female,Single,Sales,Sales Executive,Life Sciences,5,1,8734,12,0,3,3,3,3,3,Non-Travel,Yes,17,1,1,1,5,4,14,Yes
390,39,Female,Married,Research & Development,Manager,Marketing,1,1,27037,18,2,3,4,4,4,4,Non-Travel,No,1,20,3,8,3,2,15,No
391,48,Female,Married,Research & Development,Manager,Other,3,4,31778,14,1,3,3,3,2,2,Non-Travel,Yes,27,32,15,3,6,2,20,No
392,51,Male,Single,Sales,Sales Executive,Other,5,4,14086,13,2,4,4,3,3,3,Travel_Rarely,No,15,36,6,5,1,0,14,No
393,28,Female,Divorced,Human Resources,Human Resources,Other,1,2,8630,25,1,3,4,1,4,4,Travel_Rarely,No,14,20,18,2,5,3,23,No
394,42,Male,Single,Research & Development,Manager,Life Sciences,3,5,29649,25,0,4,4,3,3,2,Travel_Rarely,No,20,35,12,0,4,0,19,Yes
395,45,Male,Divorced,Research & Development,Research Director,Technical Degree,3,2,20089,24,3,3,4,3,4,3,Travel_Rarely,Yes,38,20,9,4,0,4,11,Yes
396,25,Female,Divorced,Research & Development,Manager,Technical Degree,1,3,28017,13,2,3,4,4,3,4,Travel_Frequently,Yes,3,17,5,15,6,2,27,No
397,19,Male,Married,Research & Development,Laboratory Technician,Marketing,3,2,11460,22,2,3,3,2,3,4,Travel_Frequently,No,37,35,1,9,7,5,6,No
398,48,Female,Single,Research & Development,Research Director,Life Sciences,2,4,20747,17,1,3,4,1,2,3,Non-Travel,Yes,30,18,5,1,1,4,21,Yes
399,27,Female,Single,Research & Development,Research Director,Medical,4,1,29010,23,1,3,4,3,2,3,Travel_Rarely,No,28,40,11,0,1,0,3,No
400,60,Male,Married,Sales,Manager,Human Resources,2,4,28770,18,3,3,2,2,3,2,Non-Travel,No,20,32,2,5,6,6,23,No
401,52,Male,Divorced,Sales,Manager,Other,1,2,20664,24,1,3,3,3,3,4,Non-Travel,Yes,7,33,1,4,9,1,21,No
402,34,Female,Married,Sales,Manager,Life Sciences,2,3,24657,11,3,3,1,4,2,3,Travel_Frequently,Yes,28,2,1,3,5,4,12,Yes
403,31,Female,Single,Research & Development,Manufacturing Director,Medical,5,5,17005,14,1,3,3,4,1,3,Travel_Rarely,Yes,35,6,4,4,6,5,29,Yes
404,23,Female,Divorced,Sales,Sales Representative,Other,2,3,7309,20,1,3,3,3,4,3,Travel_Rarely,Yes,9,16,10,13,6,0,20,Yes
405,25,Male,Married,Sales,Sales Representative,Marketing,2,2,9770,15,0,3,1,4,3,3,Travel_Rarely,Yes,6,34,3,5,8,5,29,Yes
406,24,Female,Divorced,Research & Development,Research Director,Medical,3,4,29346,13,0,3,2,4,3,3,Travel_Frequently,No,38,33,12,15,9,1,9,No
407,27,Male,Single,Sales,Manager,Human Resources,4,4,19312,13,0,3,1,3,3,3,Travel_Frequently,No,27,8,8,3,4,5,28,No
408,44,Male,Divorced,Sales,Sales Representative,Life Sciences,1,3,6274,19,3,3,4,1,3,4,Travel_Rarely,Yes,32,20,4,15,7,4,22,No
409,43,Female,Single,Human Resources,Human Resources,Medical,5,5,6430,11,1,4,3,3,4,4,Non-Travel,No,33,0,0,0,1,2,27,No
410,21,Female,Married,Sales,Sales Representative,Life Sciences,3,3,7855,18,0,3,3,4,2,3,Travel_Rarely,Yes,13,27,9,1,7,4,28,No
411,18,Male,Single,Research & Development,Healthcare Representative,Marketing,1,1,14726,17,1,3,3,3,2,2,Travel_Rarely,No,7,39,15,0,2,6,22,No
412,43,Male,Divorced,Sales,Sales Representative,Technical Degree,2,2,8987,16,1,3,2,4,3,4,Travel_Rarely,No,7,23,6,9,0,1,13,Yes
413,20,Male,Married,Research & Development,Healthcare Representative,Other,2,3,12240,23,2,4,3,3,4,4,Non-Travel,Yes,24,10,2,1,1,6,1,No
414,50,Female,Married,Sales,Sales Representative,Technical Degree,4,3,3540,15,1,3,4,2,2,2,Non-Travel,No,32,0,0,0,4,6,4,No
415,33,Female,Divorced,Research & Development,Manager,Other,2,2,26205,12,0,3,2,4,3,4,Travel_Rarely,Yes,27,27,0,6,1,6,2,Yes
416,37,Female,Married,Research & Development,Manufacturing Director,Marketing,1,3,23208,16,0,3,4,3,2,3,Travel_Frequently,Yes,3,40,5,1,0,0,22,No
417,36,Male,Single,Research & Development,Laboratory Technician,Marketing,1,1,9103,21,0,3,2,4,3,3,Travel_Frequently,No,23,30,18,11,3,5,9,No
418,23,Male,Single,Sales,Sales Representative,Life Sciences,1,5,4189,20,0,3,1,4,3,2,Travel_Rarely,Yes,9,6,0,2,3,3,18,Yes
419,40,Female,Single,Research & Development,Manufacturing Director,Human Resources,1,2,22161,20,0,4,3,2,3,4,Travel_Frequently,No,3,23,6,12,7,5,18,No
420,28,Male,Married,Research & Development,Research Scientist,Human Resources,2,5,12828,22,0,4,4,3,3,3,Travel_Frequently,No,33,28,8,9,3,2,23,Yes
421,28,Male,Divorced,Sales,Sales Executive,Medical,3,1,11533,21,3,4,1,2,2,2,Travel_Rarely,Yes,22,14,11,10,1,5,29,No
422,26,Male,Divorced,Research & Development,Manager,Marketing,2,3,28017,11,1,4,4,4,2,4,Travel_Rarely,Yes,6,26,12,8,9,4,7,No
423,38,Female,Single,Research & Development,Laboratory Technician,Marketing,2,4,6018,12,1,3,2,4,3,2,Travel_Frequently,No,36,17,15,5,4,0,10,Yes
424,43,Female,Single,Sales,Sales Executive,Life Sciences,5,2,14885,22,2,3,2,1,2,3,Travel_Frequently,No,7,38,0,1,2,1,25,No
425,58,Male,Divorced,Sales,Sales Executive,Medical,4,5,12755,25,0,3,1,3,4,2,Travel_Rarely,No,3,38,17,8,8,0,1,No
426,52,Male,Single,Research & Development,Research Scientist,Technical Degree,4,2,9991,16,1,3,1,4,4,3,Travel_Frequently,Yes,7,18,15,5,1,1,4,No
427,40,Male,Single,Human Resources,Manager,Human Resources,2,4,19179,13,2,3,3,3,2,3,Travel_Rarely,Yes,6,4,2,3,5,2,26,Yes
428,18,Female,Married,Human Resources,Human Resources,Technical Degree,1,1,8171,20,0,3,4,2,2,3,Travel_Rarely,No,8,9,2,6,5,2,16,No
429,44,Male,Single,Research & Development,Manager,Human Resources,4,5,24824,19,2,3,4,3,3,3,Non-Travel,No,36,38,7,2,3,2,1,No
430,41,Female,Single,Sales,Sales Executive,Medical,3,4,12445,13,2,3,3,4,2,3,Travel_Rarely,No,13,35,7,1,2,0,23,No
431,19,Male,Divorced,Research & Development,Research Director,Medical,1,2,19115,16,0,3,3,1,3,4,Non-Travel,Yes,26,27,4,5,7,5,5,No
432,37,Male,Divorced,Research & Development,Manager,Other,1,5,28459,23,0,3,3,3,3,3,Non-Travel,Yes,29,30,17,8,9,4,10,No
433,28,Male,Divorced,Research & Development,Research Director,Technical Degree,2,5,22818,20,2,3,4,3,3,3,Travel_Rarely,Yes,25,17,12,5,0,6,12,No
434,35,Male,Single,Research & Development,Laboratory Technician,Life Sciences,2,5,3842,11,2,3,1,3,3,3,Travel_Frequently,Yes,2,6,3,4,1,4,19,Yes
435,20,Male,Married,Sales,Sales Representative,Marketing,4,3,3039,13,1,3,2,3,4,4,Travel_Rarely,No,6,3,4,1,0,4,26,No
436,20,Male,Divorced,Research & Development,Manufacturing Director,Medical,2,2,21460,19,1,3,2,3,3,4,Travel_Rarely,Yes,21,18,14,4,5,2,12,No
437,20,Female,Single,Research & Development,Research Director,Life Sciences,1,2,17673,23,2,3,2,4,4,4,Non-Travel,Yes,5,24,15,3,7,2,6,No
438,22,Male,Single,Human Resources,Human Resources,Marketing,4,2,9548,12,3,3,3,3,3,3,Travel_Rarely,No,26,17,4,14,5,4,28,No
439,41,Female,Divorced,Research & Development,Healthcare Representative,Other,2,5,9957,11,0,3,3,3,3,3,Travel_Frequently,Yes,4,5,1,3,7,5,3,No
440,59,Female,Single,Research & Development,Research Director,Technical Degree,2,4,19776,16,0,3,4,3,3,2,Travel_Rarely,Yes,30,34,3,8,7,0,18,No
441,27,Male,Married,Sales,Sales Representative,Technical Degree,4,2,10440,11,0,3,2,4,3,3,Non-Travel,Yes,16,40,5,2,2,0,9,No
442,46,Female,Single,Research & Development,Healthcare Representative,Marketing,3,2,15629,14,0,3,3,3,3,4,Travel_Frequently,Yes,10,26,13,11,9,3,27,Yes
443,30,Female,Married,Sales,Manager,Medical,4,3,18321,12,2,3,4,2,3,4,Travel_Rarely,No,28,4,1,5,7,5,19,Yes
444,30,Female,Married,Sales,Sales Executive,Other,5,1,11881,16,2,3,3,4,4,3,Non-Travel,Yes,7,26,15,14,6,3,12,No
445,45,Male,Married,Research & Development,Manufacturing Director,Medical,5,4,25634,17,0,3,4,4,3,3,Travel_Rarely,No,39,33,3,2,1,0,21,No
446,24,Female,Single,Sales,Sales Representative,Other,3,4,10581,14,0,3,4,3,3,2,Non-Travel,No,30,31,3,11,7,3,27,No
447,43,Male,Married,Research & Development,Manager,Technical Degree,2,1,25321,25,3,3,4,1,4,4,Non-Travel,No,33,0,1,1,2,4,14,No
448,30,Male,Married,Sales,Sales Representative,Other,2,4,11745,25,0,3,3,2,4,4,Non-Travel,Yes,8,39,16,3,9,6,13,No
449,34,Female,Single,Research & Development,Manager,Human Resources,2,1,24547,20,1,4,2,1,3,3,Travel_Rarely,Yes,8,35,14,11,2,1,21,No
450,30,Female,Married,Research & Development,Healthcare Representative,Other,1,5,12488,24,0,3,4,3,3,2,Travel_Frequently,Yes,18,34,8,5,1,0,16,Yes
451,43,Male,Married,Research & Development,Laboratory Technician,Marketing,4,2,5465,13,0,4,3,3,1,3,Travel_Rarely,Yes,2,6,1,5,5,3,20,Yes
452,28,Male,Divorced,Research & Development,Research Scientist,Medical,2,3,13028,12,2,3,4,2,4,2,Travel_Rarely,Yes,8,33,8,8,7,1,3,No
453,59,Male,Divorced,Research & Development,Manufacturing Director,Medical,3,4,18554,12,1,3,3,3,4,4,Travel_Frequently,No,31,18,13,14,6,4,24,No
454,57,Female,Married,Sales,Sales Representative,Technical Degree,2,1,5489,19,0,3,3,3,3,4,Non-Travel,No,33,6,5,6,0,0,6,No
455,29,Male,Married,Research & Development,Research Director,Marketing,1,3,17734,14,1,3,2,4,2,3,Travel_Frequently,Yes,24,22,9,6,8,1,4,No
456,56,Male,Married,Research & Development,Manager,Life Sciences,4,4,19830,11,3,3,3,2,3,2,Non-Travel,No,20,4,4,3,3,4,1,No
457,54,Male,Single,Sales,Manager,Technical Degree,1,4,12894,22,0,3,4,3,2,1,Travel_Frequently,Yes,20,0,1,0,6,2,23,Yes
458,59,Male,Single,Human Resources,Manager,Life Sciences,3,4,20125,14,0,3,4,4,4,3,Travel_Rarely,Yes,34,7,0,0,4,6,2,Yes
459,22,Male,Married,Sales,Sales Representative,Life Sciences,2,3,5576,24,0,3,2,4,3,4,Travel_Frequently,Yes,40,16,14,3,8,4,8,No
460,49,Female,Single,Research & Development,Manager,Marketing,5,2,17664,21,1,4,2,4,3,1,Travel_Rarely,No,31,17,1,6,0,5,7,No
461,30,Male,Divorced,Research & Development,Research Director,Technical Degree,2,5,19610,12,3,3,1,3,2,4,Non-Travel,No,39,31,16,6,6,1,3,No
462,37,Female,Divorced,Sales,Sales Executive,Medical,3,1,15239,18,1,3,3,2,2,4,Travel_Rarely,Yes,5,36,11,13,3,1,13,Yes
463,39,Male,Divorced,Research & Development,Manufacturing Director,Marketing,2,4,18933,13,1,3,3,3,3,3,Travel_Rarely,No,3,3,1,0,3,0,2,No
464,35,Male,Divorced,Research & Development,Manufacturing Director,Other,3,4,19625,14,0,3,1,3,2,4,Travel_Rarely,No,18,15,0,3,2,4,23,No
465,37,Male,Single,Research & Development,Manager,Life Sciences,4,4,28017,16,0,4,2,4,3,2,Travel_Rarely,No,0,15,11,15,9,0,16,No
466,25,Female,Single,Research & Development,Research Director,Life Sciences,3,3,16898,18,1,3,4,3,3,4,Travel_Frequently,Yes,16,2,2,3,0,6,12,No
467,51,Male,Divorced,Research & Development,Healthcare Representative,Medical,2,3,14349,18,0,3,3,4,2,3,Non-Travel,Yes,13,38,2,6,6,5,4,Yes
468,51,Male,Married,Human Resources,Manager,Medical,1,5,26024,19,1,3,2,2,3,4,Travel_Frequently,No,36,11,12,12,5,2,4,No
469,27,Male,Divorced,Human Resources,Manager,Marketing,1,4,21400,11,0,3,3,2,3,3,Travel_Frequently,Yes,0,29,13,11,0,0,9,Yes
470,50,Female,Single,Sales,Sales Representative,Marketing,2,1,11417,18,3,3,2,3,1,3,Travel_Frequently,Yes,25,35,3,8,4,4,10,Yes
471,38,Male,Single,Sales,Sales Representative,Life Sciences,3,5,9677,25,1,3,1,3,4,4,Travel_Frequently,No,27,37,3,4,8,3,23,Yes
472,40,Male,Married,Research & Development,Manager,Technical Degree,1,2,30915,20,3,3,3,3,3,3,Travel_Frequently,Yes,39,29,17,9,0,6,28,No
473,60,Male,Married,Research & Development,Research Director,Other,1,3,12517,20,0,3,3,3,4,3,Non-Travel,Yes,3,0,0,0,3,4,5,Yes
474,26,Female,Married,Research & Development,Research Director,Technical Degree,5,2,25493,12,0,3,4,4,3,3,Travel_Rarely,No,15,14,6,3,7,0,27,No
475,21,Female,Single,Research & Development,Research Director,Other,5,1,19732,17,0,3,2,2,3,4,Travel_Rarely,No,15,7,2,8,8,1,16,No
476,60,Female,Married,Research & Development,Healthcare Representative,Technical Degree,4,4,11663,13,0,3,4,3,3,1,Non-Travel,No,19,6,0,7,0,2,5,No
477,47,Female,Divorced,Research & Development,Manager,Technical Degree,5,1,17090,13,1,3,1,4,2,3,Non-Travel,Yes,8,17,8,9,6,0,27,Yes
478,48,Male,Divorced,Research & Development,Research Director,Human Resources,3,5,26246,20,2,3,3,1,3,4,Non-Travel,No,14,38,3,3,7,5,16,No
479,33,Male,Married,Research & Development,Laboratory Technician,Life Sciences,1,4,5926,23,0,3,4,1,2,2,Travel_Frequently,Yes,6,6,7,6,2,5,19,Yes
480,34,Male,Divorced,Research & Development,Laboratory Technician,Medical,1,5,9855,11,1,3,3,2,2,4,Travel_Rarely,Yes,0,31,11,13,9,4,28,No
481,59,Female,Married,Sales,Sales Executive,Medical,1,4,14543,17,1,4,3,3,4,2,Non-Travel,No,33,33,9,3,1,3,8,No
482,39,Female,Married,Sales,Manager,Marketing,1,5,21820,20,0,3,2,3,4,3,Travel_Frequently,No,39,1,0,2,1,4,16,Yes
483,59,Male,Married,Human Resources,Manager,Other,3,1,18745,14,1,3,1,3,3,3,Travel_Rarely,Yes,2,1,1,0,6,4,24,Yes
484,53,Male,Single,Research & Development,Research Scientist,Marketing,4,4,12713,15,2,4,4,2,2,4,Travel_Rarely,Yes,1,30,6,12,0,4,16,No
485,26,Female,Married,Sales,Sales Representative,Marketing,3,2,8964,16,0,3,4,2,3,3,Travel_Rarely,Yes,14,27,13,1,0,6,24,No
486,22,Female,Married,Sales,Sales Executive,Marketing,2,5,9868,17,1,3,1,1,2,2,Travel_Rarely,No,34,3,1,3,5,6,8,No
487,41,Male,Married,Research & Development,Healthcare Representative,Life Sciences,3,4,12488,22,3,3,2,1,3,4,Non-Travel,No,33,35,7,9,8,1,4,No
488,20,Male,Single,Research & Development,Laboratory Technician,Marketing,5,4,6074,15,2,3,3,2,3,3,Travel_Frequently,Yes,31,15,0,12,6,3,2,No
489,29,Female,Divorced,Sales,Sales Representative,Marketing,3,5,9788,14,2,3,3,4,3,3,Travel_Rarely,No,27,27,1,3,8,3,24,No
490,52,Male,Married,Human Resources,Manager,Medical,2,1,29900,15,2,4,3,1,3,2,Non-Travel,Yes,34,29,9,10,9,3,2,No
491,35,Female,Single,Research & Development,Healthcare Representative,Marketing,2,4,10842,18,0,3,4,1,4,3,Non-Travel,Yes,40,16,17,6,6,0,19,No
492,57,Male,Married,Human Resources,Manager,Medical,2,2,27656,24,1,3,2,1,1,1,Travel_Rarely,No,32,35,14,10,0,4,23,Yes
493,34,Male,Divorced,Sales,Manager,Life Sciences,5,4,19486,12,1,3,1,3,4,3,Travel_Frequently,Yes,26,16,2,13,4,1,1,No
494,39,Male,Divorced,Research & Development,Healthcare Representative,Medical,5,1,11437,12,1,3,4,3,3,4,Travel_Frequently,Yes,32,26,18,11,3,3,27,Yes
495,27,Male,Single,Research & Development,Manager,Human Resources,1,5,23462,18,1,3,4,3,3,2,Travel_Rarely,No,36,24,9,7,5,1,26,No
496,32,Female,Single,Research & Development,Healthcare Representative,Marketing,1,3,12905,19,1,4,2,3,4,3,Non-Travel,No,28,29,13,7,9,6,27,No
497,44,Male,Married,Human Resources,Human Resources,Human Resources,2,5,12744,18,1,3,3,4,3,4,Travel_Frequently,No,0,37,5,3,6,2,25,Yes
498,24,Male,Divorced,Research & Development,Research Director,Human Resources,4,4,14532,16,0,3,4,2,4,3,Travel_Rarely,Yes,21,8,5,9,9,4,4,No
499,22,Male,Married,Human Resources,Human Resources,Medical,2,5,11063,25,2,3,4,2,4,1,Non-Travel,No,37,22,11,14,6,2,15,No
500,55,Male,Married,Sales,Manager,Human Resources,5,5,28724,24,3,3,4,3,1,4,Travel_Frequently,No,9,17,1,6,6,4,9,Yes
501,38,Female,Married,Research & Development,Manufacturing Director,Marketing,3,5,19030,23,0,3,2,2,2,2,Travel_Frequently,No,35,6,2,0,9,0,29,No
502,18,Male,Married,Research & Development,Laboratory Technician,Technical Degree,3,1,9886,22,1,4,4,3,1,3,Travel_Rarely,No,16,31,2,4,4,5,22,No
503,23,Female,Married,Sales,Sales Representative,Other,1,3,5746,25,3,3,4,4,3,4,Non-Travel,No,20,14,6,1,0,1,5,No
504,30,Male,Divorced,Research & Development,Laboratory Technician,Life Sciences,5,2,7553,11,0,3,3,3,3,4,Travel_Rarely,No,2,16,13,8,9,3,21,No
505,40,Male,Single,Research & Development,Manager,Other,4,5,27480,16,1,3,3,2,4,4,Travel_Frequently,No,18,30,13,14,5,1,22,No
506,47,Male,Divorced,Research & Development,Laboratory Technician,Technical Degree,5,4,6790,21,0,3,3,3,3,4,Travel_Frequently,Yes,26,20,1,10,4,5,11,No
507,45,Female,Divorced,Research & Development,Research Director,Marketing,4,4,27931,14,1,3,2,2,1,3,Travel_Frequently,Yes,39,25,10,4,9,4,1,Yes
508,42,Male,Divorced,Human Resources,Human Resources,Marketing,5,2,7151,13,2,3,4,4,3,3,Travel_Frequently,Yes,10,5,2,2,6,1,18,No
509,20,Male,Married,Research & Development,Research Scientist,Life Sciences,2,2,8242,11,0,3,4,4,3,3,Non-Travel,No,8,1,2,1,1,0,3,Yes
510,44,Female,Single,Research & Development,Manager,Medical,5,3,22202,23,0,3,1,1,4,3,Non-Travel,Yes,12,1,0,1,9,3,13,No
511,32,Female,Divorced,Sales,Sales Executive,Other,4,3,13065,23,1,3,3,2,3,4,Non-Travel,Yes,25,26,7,14,5,3,19,No
512,39,Female,Divorced,Sales,Sales Representative,Human Resources,2,1,4991,13,0,3,4,3,4,4,Travel_Rarely,Yes,14,9,0,7,4,3,10,Yes
513,20,Female,Married,Research & Development,Laboratory Technician,Human Resources,4,3,8638,21,0,3,3,3,3,3,Travel_Rarely,Yes,5,20,3,13,1,3,5,No
514,51,Female,Single,Research & Development,Laboratory Technician,Human Resources,4,2,5878,22,2,3,2,1,3,2,Travel_Rarely,No,18,7,4,8,5,4,29,No
515,28,Male,Divorced,Research & Development,Manager,Technical Degree,2,3,15126,25,1,4,2,4,3,2,Non-Travel,No,30,9,0,5,6,1,5,No
516,37,Male,Married,Research & Development,Research Scientist,Medical,1,3,6633,21,1,3,2,3,1,4,Travel_Frequently,Yes,17,12,4,13,6,4,24,Yes
517,43,Male,Single,Research & Development,Manufacturing Director,Medical,3,5,17652,12,0,3,3,3,3,3,Travel_Rarely,Yes,36,16,8,15,3,1,1,Yes
518,23,Male,Married,Research & Development,Laboratory Technician,Human Resources,4,4,12145,21,1,3,1,4,2,2,Travel_Rarely,Yes,25,39,12,12,7,2,10,No
519,51,Female,Divorced,Research & Development,Healthcare Representative,Human Resources,4,4,11433,22,2,3,4,3,4,3,Travel_Rarely,No,22,5,1,0,5,6,15,No
520,45,Female,Married,Research & Development,Healthcare Representative,Life Sciences,2,4,8639,16,1,3,3,3,4,2,Travel_Rarely,No,23,13,14,4,8,0,20,No
521,35,Female,Married,Sales,Manager,Life Sciences,4,5,26325,21,1,3,3,4,4,3,Non-Travel,No,34,30,3,1,5,0,20,No
522,29,Male,Single,Research & Development,Laboratory Technician,Life Sciences,5,3,4914,24,0,3,1,1,4,4,Travel_Rarely,No,20,8,2,9,5,4,1,No
523,44,Male,Single,Human Resources,Manager,Marketing,5,2,25716,22,1,3,1,4,4,4,Non-Travel,No,0,3,2,2,8,2,4,Yes
524,23,Male,Single,Research & Development,Manufacturing Director,Life Sciences,2,1,26542,14,1,3,4,4,1,4,Travel_Rarely,Yes,19,36,6,4,4,0,13,Yes
525,35,Male,Married,Research & Development,Laboratory Technician,Other,4,3,6011,12,1,3,3,3,3,3,Travel_Rarely,Yes,28,8,2,0,9,3,5,Yes
526,45,Male,Single,Research & Development,Laboratory Technician,Other,3,1,7924,19,2,3,3,3,3,1,Travel_Frequently,No,7,22,16,5,7,1,15,No
527,54,Female,Divorced,Research & Development,Healthcare Representative,Life Sciences,2,4,12227,18,0,3,3,1,4,4,Travel_Frequently,Yes,19,24,5,14,8,1,25,No
528,47,Male,Married,Sales,Manager,Marketing,4,4,23635,15,0,4,3,2,3,4,Travel_Frequently,Yes,32,37,3,13,6,6,9,Yes
529,55,Male,Divorced,Human Resources,Manager,Medical,2,3,13668,23,3,4,2,3,2,4,Travel_Frequently,Yes,22,1,1,1,2,3,1,No
530,29,Male,Married,Research & Development,Laboratory Technician,Human Resources,3,1,8275,18,0,3,2,3,2,3,Travel_Rarely,Yes,13,19,15,12,7,5,8,No
531,42,Female,Married,Research & Development,Research Scientist,Technical Degree,5,4,9078,19,0,3,2,4,4,3,Travel_Frequently,No,14,8,9,2,3,2,12,No
532,57,Male,Single,Research & Development,Research Scientist,Marketing,4,1,15848,16,0,3,4,2,4,3,Non-Travel,Yes,30,38,1,8,6,1,6,No
533,24,Male,Single,Research & Development,Manufacturing Director,Marketing,2,5,26764,19,0,3,4,3,3,4,Non-Travel,No,25,29,13,1,4,3,9,No
534,56,Male,Married,Research & Development,Research Scientist,Technical Degree,5,4,12016,24,1,3,3,3,4,4,Non-Travel,No,37,28,8,6,8,6,20,No
535,45,Male,Married,Research & Development,Research Director,Marketing,3,4,21827,16,1,3,3,1,1,3,Travel_Frequently,No,18,3,2,3,0,3,11,Yes
536,56,Male,Married,Sales,Sales Executive,Medical,2,4,10880,17,2,3,3,3,1,3,Non-Travel,Yes,33,7,7,0,1,2,12,Yes
537,58,Male,Married,Sales,Manager,Other,3,1,24783,24,3,4,3,4,4,3,Travel_Rarely,No,19,6,3,0,5,4,16,No
538,35,Male,Married,Sales,Sales Representative,Technical Degree,2,1,5006,23,0,3,2,2,3,3,Non-Travel,Yes,40,11,5,1,3,1,1,No
539,22,Male,Divorced,Research & Development,Laboratory Technician,Technical Degree,4,5,11281,11,0,3,2,4,3,2,Travel_Frequently,No,31,39,6,5,6,2,13,No
540,23,Female,Single,Sales,Manager,Technical Degree,4,1,22396,13,1,3,3,3,4,3,Travel_Rarely,No,1,40,9,15,3,3,18,No
541,25,Male,Divorced,Sales,Manager,Other,4,5,26114,17,0,3,3,4,2,3,Travel_Rarely,No,23,6,1,5,8,4,18,Yes
542,49,Male,Single,Research & Development,Research Director,Marketing,4,2,25074,21,3,3,2,3,4,4,Travel_Rarely,No,26,29,6,0,9,1,5,No
543,23,Female,Married,Research & Development,Manufacturing Director,Other,1,3,20500,11,1,4,3,3,3,3,Travel_Rarely,Yes,12,38,5,14,5,5,28,Yes
544,30,Female,Single,Sales,Sales Representative,Technical Degree,2,2,7761,18,1,3,1,3,1,3,Travel_Rarely,No,10,20,7,14,1,0,24,Yes
545,44,Male,Married,Sales,Manager,Other,5,5,27231,22,0,3,4,4,4,3,Travel_Rarely,No,25,33,1,11,6,5,17,No
546,45,Female,Single,Research & Development,Research Director,Medical,2,4,17697,14,0,3,1,4,4,3,Non-Travel,Yes,31,7,3,4,5,2,23,Yes
547,34,Female,Single,Research & Development,Research Director,Human Resources,3,3,20562,15,3,3,2,3,1,3,Travel_Rarely,No,28,36,9,4,2,1,20,Yes
548,34,Male,Married,Sales,Sales Representative,Other,5,5,11761,17,1,4,2,4,4,3,Non-Travel,Yes,37,40,16,10,8,2,13,No
549,59,Male,Married,Research & Development,Research Director,Medical,3,2,20243,14,0,3,4,4,3,2,Travel_Frequently,Yes,12,10,5,7,7,4,21,No
550,30,Female,Married,Human Resources,Human Resources,Other,5,1,10581,23,0,3,3,2,3,2,Travel_Rarely,Yes,11,23,7,7,7,1,2,No
551,53,Male,Single,Human Resources,Manager,Human Resources,5,4,22782,18,0,4,1,1,2,4,Travel_Rarely,No,4,17,6,15,1,3,3,Yes
552,52,Male,Single,Research & Development,Research Scientist,Technical Degree,2,5,15040,23,1,3,2,4,3,2,Non-Travel,No,26,37,8,15,2,2,17,No
553,59,Male,Married,Research & Development,Healthcare Representative,Medical,4,1,11947,16,2,3,2,3,3,2,Travel_Frequently,No,27,19,9,3,7,2,21,No
554,30,Male,Married,Research & Development,Laboratory Technician,Other,3,5,4946,14,1,3,4,2,2,4,Non-Travel,No,10,6,2,2,5,4,16,No
555,35,Female,Married,Research & Development,Research Director,Other,3,4,25319,15,0,3,4,3,3,4,Travel_Frequently,Yes,25,14,1,13,5,5,26,No
556,35,Male,Divorced,Sales,Sales Representative,Marketing,4,4,3357,16,1,3,4,4,2,3,Non-Travel,No,28,1,1,0,1,1,6,Yes
557,55,Female,Married,Research & Development,Research Director,Human Resources,4,1,19608,12,0,3,4,3,4,3,Non-Travel,No,18,30,3,15,2,5,3,No
558,44,Male,Single,Research & Development,Manager,Human Resources,3,5,14916,19,2,3,4,2,3,4,Non-Travel,Yes,20,9,5,7,3,1,11,No
559,41,Female,Married,Research & Development,Research Director,Technical Degree,4,4,25261,23,0,3,2,4,4,3,Travel_Frequently,Yes,1,21,18,13,0,4,28,Yes
560,49,Female,Single,Research & Development,Manufacturing Director,Human Resources,2,5,20613,24,2,3,3,3,3,3,Non-Travel,Yes,12,18,2,13,4,3,15,No
561,27,Male,Married,Research & Development,Manager,Marketing,1,5,25927,24,0,3,1,3,3,2,Travel_Frequently,No,14,21,18,10,8,3,21,No
562,40,Male,Married,Research & Development,Manufacturing Director,Life Sciences,2,5,19936,16,3,3,2,3,4,2,Travel_Rarely,Yes,13,36,6,9,2,3,9,Yes
563,40,Female,Single,Sales,Sales Executive,Other,2,4,5739,11,0,3,1,2,4,3,Travel_Frequently,No,7,1,0,0,8,4,24,Yes
564,31,Male,Divorced,Research & Development,Laboratory Technician,Life Sciences,5,3,3834,18,0,3,4,3,3,1,Travel_Frequently,No,26,7,6,1,5,2,10,No
565,59,Male,Divorced,Research & Development,Research Director,Marketing,3,1,20007,13,2,3,2,1,3,3,Non-Travel,No,8,19,15,1,0,4,26,No
566,60,Male,Married,Sales,Manager,Medical,2,3,23871,25,3,3,3,1,3,2,Travel_Rarely,Yes,25,18,11,8,9,2,1,Yes
567,19,Female,Single,Research & Development,Healthcare Representative,Medical,2,1,13309,11,0,3,1,3,4,1,Travel_Frequently,No,30,30,14,13,8,3,5,No
568,18,Male,Single,Research & Development,Manager,Human Resources,1,4,22127,18,1,4,3,2,4,2,Travel_Frequently,No,8,19,4,7,1,5,4,No
569,57,Female,Divorced,Research & Development,Healthcare Representative,Other,5,5,11196,19,1,4,2,4,2,2,Non-Travel,No,27,6,5,2,9,5,28,No
570,58,Male,Single,Sales,Sales Representative,Technical Degree,3,1,3633,20,1,4,4,2,4,4,Travel_Rarely,Yes,36,3,3,3,3,3,20,No
571,25,Female,Married,Sales,Sales Representative,Technical Degree,5,4,6806,21,0,4,3,4,3,3,Travel_Frequently,Yes,23,17,13,0,8,1,4,Yes
572,25,Female,Married,Sales,Sales Representative,Life Sciences,5,2,5413,17,2,4,3,3,2,2,Travel_Frequently,No,14,7,0,3,5,4,20,Yes
573,51,Male,Single,Research & Development,Manufacturing Director,Medical,5,2,21263,24,3,3,1,3,3,4,Non-Travel,Yes,27,33,6,8,0,3,10,Yes
574,44,Male,Single,Research & Development,Manufacturing Director,Marketing,2,5,23031,20,3,3,3,3,2,2,Travel_Frequently,Yes,10,30,7,12,2,5,14,Yes
575,33,Female,Single,Research & Development,Laboratory Technician,Other,2,2,8869,18,0,3,1,3,4,3,Travel_Frequently,No,33,22,9,3,9,3,8,Yes
576,25,Female,Divorced,Research & Development,Healthcare Representative,Life Sciences,4,3,17034,12,1,3,4,2,3,4,Travel_Rarely,No,31,34,9,7,8,0,3,No
577,33,Male,Single,Human Resources,Manager,Other,3,3,20825,21,1,3,4,4,4,4,Travel_Frequently,Yes,5,31,0,3,7,1,19,No
578,45,Female,Married,Research & Development,Manufacturing Director,Other,4,1,23629,20,0,3,1,3,4,2,Non-Travel,No,6,17,3,7,5,4,22,No
579,44,Male,Married,Research & Development,Manufacturing Director,Technical Degree,4,1,20667,14,1,3,4,4,1,2,Non-Travel,No,26,25,0,14,4,2,27,No
580,33,Male,Divorced,Research & Development,Healthcare Representative,Human Resources,5,3,10005,22,0,3,3,4,1,4,Travel_Frequently,No,5,17,10,11,9,4,24,No
581,38,Female,Married,Research & Development,Laboratory Technician,Technical Degree,2,3,7301,24,1,3,1,4,3,4,Non-Travel,No,10,19,5,10,0,0,7,No
582,59,Male,Married,Research & Development,Manufacturing Director,Human Resources,4,3,27790,13,1,3,2,3,3,4,Travel_Rarely,Yes,6,35,9,2,5,1,15,Yes
583,53,Male,Single,Research & Development,Laboratory Technician,Other,2,2,5382,11,0,4,3,4,2,3,Travel_Frequently,Yes,28,9,6,8,8,4,7,Yes
584,55,Female,Divorced,Research & Development,Manufacturing Director,Marketing,4,3,18951,16,3,4,3,3,4,3,Travel_Frequently,No,8,25,10,7,8,4,5,No
585,48,Female,Single,Sales,Manager,Human Resources,2,4,27625,15,1,3,2,3,4,3,Non-Travel,No,27,34,2,5,0,4,15,No
586,40,Male,Married,Research & Development,Research Scientist,Marketing,1,5,11115,18,0,3,4,2,2,3,Non-Travel,Yes,28,30,9,9,5,1,19,No
587,44,Male,Married,Research & Development,Manufacturing Director,Marketing,5,1,13096,23,3,3,4,3,4,4,Non-Travel,Yes,12,9,3,9,2,6,6,No
588,25,Male,Divorced,Sales,Sales Representative,Technical Degree,2,3,6739,13,0,3,1,4,4,4,Non-Travel,No,31,21,2,5,4,3,7,No
589,58,Male,Married,Sales,Manager,Human Resources,1,3,15382,12,0,4,2,3,4,1,Non-Travel,Yes,24,5,2,0,9,4,12,No
590,30,Female,Married,Research & Development,Laboratory Technician,Human Resources,3,5,10764,13,2,3,3,4,2,2,Travel_Rarely,Yes,9,40,14,0,9,0,18,No
591,37,Male,Divorced,Research & Development,Research Scientist,Human Resources,2,5,8297,25,0,3,1,3,3,4,Non-Travel,Yes,28,18,3,2,5,1,12,No
592,30,Male,Divorced,Sales,Sales Representative,Other,3,5,8691,20,1,3,1,3,1,3,Travel_Frequently,Yes,12,25,9,10,2,3,25,No
593,45,Male,Married,Sales,Manager,Technical Degree,3,4,20068,23,2,3,3,4,1,3,Travel_Rarely,Yes,2,25,6,2,4,4,24,No
594,59,Female,Married,Human Resources,Human Resources,Life Sciences,4,5,8541,19,2,3,4,4,3,1,Travel_Rarely,No,13,20,3,14,2,1,23,No
595,31,Female,Single,Research & Development,Manager,Marketing,1,2,30384,21,2,3,2,4,3,4,Travel_Rarely,No,14,31,11,12,0,1,5,Yes
596,60,Female,Divorced,Research & Development,Manufacturing Director,Other,3,4,18676,22,0,3,4,3,3,4,Non-Travel,No,12,16,15,8,9,0,21,No
597,46,Female,Single,Research & Development,Research Scientist,Life Sciences,2,5,8478,16,0,3,3,4,2,4,Non-Travel,Yes,25,8,4,8,4,2,28,Yes
598,25,Male,Divorced,Research & Development,Research Scientist,Life Sciences,4,4,9835,12,0,3,4,3,4,2,Travel_Rarely,No,4,25,7,13,9,2,15,No
599,56,Male,Single,Research & Development,Research Director,Medical,3,3,14707,25,0,3,3,4,3,1,Travel_Rarely,No,24,2,1,2,8,0,8,Yes
600,39,Male,Divorced,Sales,Sales Executive,Marketing,1,1,10674,21,0,3,1,1,3,4,Travel_Rarely,No,20,28,11,1,2,0,22,No
601,18,Male,Single,Sales,Sales Representative,Human Resources,1,1,9830,21,2,3,1,3,3,3,Non-Travel,Yes,39,36,12,14,3,5,16,No
602,58,Male,Divorced,Research & Development,Healthcare Representative,Other,2,4,12512,15,2,3,3,1,4,4,Travel_Frequently,No,9,29,1,14,6,5,29,No
603,43,Male,Married,Research & Development,Laboratory Technician,Technical Degree,4,3,4424,16,0,3,4,4,3,2,Travel_Frequently,No,13,8,3,9,3,6,24,No
604,41,Male,Married,Research & Development,Manufacturing Director,Life Sciences,5,4,17231,15,3,4,3,4,4,3,Travel_Frequently,No,12,29,6,10,8,1,22,No
605,45,Female,Married,Research & Development,Manufacturing Director,Human Resources,2,4,13966,20,2,3,4,3,1,3,Travel_Rarely,Yes,8,11,12,7,5,4,25,Yes
606,58,Female,Single,Research & Development,Manager,Marketing,1,3,19024,25,3,3,3,2,4,2,Travel_Rarely,Yes,4,2,2,2,9,6,15,No
607,29,Male,Single,Research & Development,Manager,Human Resources,4,2,18980,19,1,3,2,4,4,4,Travel_Rarely,Yes,15,18,3,4,7,0,25,Yes
608,48,Male,Divorced,Sales,Sales Representative,Medical,4,1,7869,18,3,3,3,4,4,4,Non-Travel,No,23,24,2,5,2,4,10,No
609,25,Female,Single,Research & Development,Laboratory Technician,Life Sciences,5,5,6008,17,3,3,4,2,3,3,Non-Travel,No,33,12,0,7,5,1,2,No
610,37,Male,Married,Research & Development,Manager,Life Sciences,2,5,24752,11,1,3,3,3,3,4,Travel_Rarely,No,24,16,12,1,4,5,13,No
611,45,Male,Divorced,Research & Development,Manufacturing Director,Marketing,1,4,16112,25,1,3,4,4,2,4,Travel_Frequently,No,7,26,0,4,1,1,3,No
612,27,Male,Single,Sales,Sales Executive,Human Resources,1,2,15972,20,1,4,4,3,4,4,Travel_Rarely,Yes,6,36,3,1,2,1,24,No
613,23,Male,Single,Human Resources,Human Resources,Other,5,2,6494,18,2,3,1,3,4,4,Travel_Rarely,Yes,30,5,2,5,9,6,28,No
614,50,Female,Single,Sales,Sales Executive,Life Sciences,2,2,5273,24,0,4,1,2,4,3,Travel_Frequently,Yes,37,0,1,1,8,5,10,No
615,40,Male,Married,Sales,Sales Representative,Life Sciences,4,3,7215,25,1,3,3,4,3,1,Non-Travel,No,28,15,0,2,5,4,25,No
616,56,Male,Married,Human Resources,Manager,Technical Degree,3,4,25291,16,1,3,3,2,3,2,Travel_Frequently,No,22,4,3,3,7,2,26,No
617,47,Female,Married,Research & Development,Research Director,Technical Degree,2,4,18532,16,0,3,3,3,2,2,Travel_Frequently,Yes,37,29,5,6,1,0,13,No
618,39,Male,Divorced,Research & Development,Healthcare Representative,Other,4,4,9103,17,3,3,1,4,3,1,Travel_Frequently,No,6,12,1,5,7,4,10,Yes
619,49,Male,Divorced,Sales,Manager,Human Resources,4,5,25629,12,1,3,3,3,1,3,Travel_Frequently,Yes,8,13,5,9,7,0,1,Yes
620,33,Male,Divorced,Research & Development,Research Director,Human Resources,3,2,23579,25,0,3,4,3,3,4,Travel_Frequently,No,14,13,11,9,9,1,27,No
621,54,Male,Married,Research & Development,Research Director,Technical Degree,4,5,20214,25,2,4,4,2,3,3,Travel_Rarely,Yes,12,30,8,4,5,6,25,No
622,32,Female,Married,Sales,Sales Executive,Technical Degree,3,5,13895,25,1,3,1,3,3,4,Non-Travel,Yes,38,40,3,9,0,5,29,No
623,36,Male,Married,Sales,Manager,Life Sciences,4,1,20473,16,1,4,4,2,3,3,Travel_Rarely,No,35,15,5,14,5,0,9,No
624,56,Male,Single,Research & Development,Laboratory Technician,Technical Degree,3,2,9362,16,2,3,2,1,3,3,Travel_Frequently,Yes,20,29,12,5,5,4,27,Yes
625,36,Female,Single,Research & Development,Manager,Medical,2,1,24632,19,0,3,3,1,3,3,Non-Travel,Yes,22,20,10,2,6,2,25,No
626,52,Male,Divorced,Sales,Sales Representative,Medical,4,2,3680,12,2,4,3,2,3,1,Travel_Frequently,Yes,35,3,0,0,3,3,2,No
627,27,Female,Divorced,Sales,Sales Executive,Technical Degree,1,4,8729,19,0,3,3,1,3,2,Non-Travel,No,31,8,0,5,1,4,29,Yes
628,43,Male,Divorced,Research & Development,Laboratory Technician,Technical Degree,2,2,6793,23,1,3,2,3,1,3,Non-Travel,No,7,13,10,4,7,0,15,Yes
629,60,Female,Single,Research & Development,Manager,Medical,2,5,19617,22,1,3,4,3,2,4,Travel_Rarely,No,19,32,11,14,0,5,21,No
630,31,Female,Married,Sales,Sales Representative,Other,3,4,9217,17,1,3,1,3,1,3,Travel_Rarely,Yes,18,32,7,2,9,0,29,Yes
631,57,Male,Married,Sales,Sales Executive,Medical,1,1,8952,16,0,3,4,3,4,4,Travel_Rarely,No,4,3,2,3,0,2,25,No
632,37,Female,Single,Sales,Sales Executive,Medical,1,1,11039,12,1,3,2,4,4,4,Travel_Rarely,Yes,17,9,4,0,9,3,3,No
633,31,Male,Married,Research & Development,Laboratory Technician,Life Sciences,5,1,4428,21,0,3,3,2,3,3,Travel_Rarely,No,30,4,1,2,0,5,9,No
634,33,Female,Divorced,Human Resources,Human Resources,Medical,1,3,10770,16,0,3,4,4,4,3,Travel_Rarely,No,23,28,11,4,5,5,21,No
635,55,Male,Single,Research & Development,Laboratory Technician,Technical Degree,1,5,7657,15,2,3,3,3,4,3,Travel_Frequently,No,34,25,5,1,5,4,28,No
636,56,Female,Divorced,Human Resources,Human Resources,Other,4,1,9085,24,0,3,3,3,4,1,Travel_Rarely,Yes,6,21,18,0,4,4,22,No
637,39,Female,Divorced,Human Resources,Human Resources,Medical,5,3,11372,22,0,3,1,1,3,3,Travel_Frequently,No,29,31,4,6,0,6,17,No
638,27,Male,Married,Research & Development,Research Director,Medical,1,1,15709,11,0,3,3,4,3,4,Travel_Frequently,Yes,4,4,2,3,1,3,12,No
639,56,Male,Married,Research & Development,Research Scientist,Other,4,1,9035,18,0,3,2,4,3,4,Travel_Frequently,No,24,19,17,3,6,5,19,No
640,49,Male,Married,Research & Development,Healthcare Representative,Other,1,4,7430,17,1,3,3,4,4,1,Travel_Rarely,No,19,1,2,2,7,1,20,No
641,26,Male,Married,Research & Development,Research Scientist,Other,5,4,11607,23,3,3,4,1,4,3,Non-Travel,Yes,33,37,15,5,7,2,28,No
642,56,Male,Single,Sales,Sales Representative,Other,2,4,7174,11,0,3,3,4,3,3,Travel_Rarely,No,31,21,7,14,1,0,6,No
643,56,Female,Married,Sales,Manager,Marketing,5,1,22645,17,1,3,1,3,3,3,Non-Travel,Yes,4,36,2,8,5,3,13,No
644,26,Female,Divorced,Research & Development,Laboratory Technician,Marketing,5,3,4585,18,0,3,1,2,1,3,Travel_Rarely,Yes,35,7,0,3,3,1,10,Yes
645,43,Male,Single,Sales,Manager,Medical,3,2,14276,24,1,3,3,3,3,3,Travel_Rarely,No,13,0,0,0,6,4,21,No
646,27,Male,Married,Research & Development,Research Scientist,Technical Degree,3,2,9398,24,0,3,4,3,2,4,Travel_Rarely,Yes,25,8,0,3,5,3,15,No
647,26,Male,Divorced,Research & Development,Laboratory Technician,Technical Degree,1,4,9824,20,0,3,3,1,4,4,Travel_Frequently,Yes,9,30,1,11,4,3,9,Yes
648,37,Female,Divorced,Research & Development,Healthcare Representative,Other,5,5,15615,25,1,3,3,4,4,2,Travel_Frequently,No,21,34,2,15,5,4,17,No
649,34,Female,Divorced,Research & Development,Research Scientist,Medical,5,2,15380,16,3,3,2,3,2,4,Travel_Frequently,Yes,17,40,8,13,3,6,20,Yes
650,36,Male,Divorced,Research & Development,Laboratory Technician,Human Resources,2,1,5996,22,1,3,3,2,3,3,Non-Travel,No,40,12,13,5,2,5,26,No
651,43,Female,Divorced,Research & Development,Laboratory Technician,Marketing,1,4,8608,24,1,3,4,1,4,4,Travel_Frequently,No,16,30,15,14,8,4,27,Yes
652,44,Male,Married,Sales,Manager,Life Sciences,2,2,21998,12,0,3,2,1,4,4,Non-Travel,Yes,17,12,1,8,8,2,5,No
653,45,Female,Single,Research & Development,Manager,Marketing,3,4,22832,14,0,3,1,3,3,3,Travel_Rarely,Yes,35,13,5,13,3,1,1,Yes
654,32,Male,Divorced,Research & Development,Healthcare Representative,Other,5,3,11163,23,1,3,4,4,4,2,Travel_Rarely,Yes,29,10,9,2,2,1,9,No
655,60,Female,Married,Sales,Sales Executive,Technical Degree,4,4,10779,13,1,3,3,3,4,3,Travel_Frequently,Yes,34,19,8,6,7,3,26,Yes
656,38,Female,Divorced,Research & Development,Healthcare Representative,Human Resources,4,2,6119,23,0,3,3,3,3,3,Travel_Frequently,Yes,18,1,0,1,9,3,1,Yes
657,33,Male,Divorced,Research & Development,Manufacturing Director,Technical Degree,4,4,14279,12,0,3,3,2,4,4,Travel_Frequently,No,16,4,3,1,2,1,28,No
658,56,Male,Married,Research & Development,Manufacturing Director,Medical,1,5,20912,22,1,3,4,3,4,2,Travel_Frequently,Yes,9,33,9,4,6,2,28,No
659,44,Female,Divorced,Human Resources,Human Resources,Other,2,3,9354,19,1,3,2,2,1,1,Travel_Rarely,Yes,12,19,2,2,1,2,27,No
660,25,Male,Single,Research & Development,Manufacturing Director,Medical,3,5,22293,24,0,3,3,1,3,2,Travel_Rarely,Yes,3,29,15,4,2,1,28,Yes
661,54,Female,Single,Research & Development,Healthcare Representative,Life Sciences,1,4,10519,13,0,3,3,4,3,4,Non-Travel,Yes,25,17,17,12,8,3,21,Yes
662,56,Female,Divorced,Human Resources,Manager,Medical,1,2,32528,12,1,3,4,2,3,3,Travel_Frequently,No,26,36,12,12,4,2,1,No
663,19,Male,Married,Research & Development,Laboratory Technician,Medical,2,1,6453,25,0,3,3,3,3,3,Travel_Rarely,Yes,29,13,5,14,3,3,5,No
664,33,Female,Married,Research & Development,Research Scientist,Other,4,1,6903,20,0,3,4,3,4,1,Travel_Frequently,Yes,30,9,1,5,5,1,10,No
665,18,Female,Single,Human Resources,Human Resources,Marketing,1,4,4918,17,0,3,1,3,3,3,Travel_Frequently,Yes,23,6,0,1,7,6,16,Yes
666,20,Female,Single,Research & Development,Manufacturing Director,Other,3,2,19105,13,2,3,4,3,3,3,Travel_Rarely,No,14,35,1,1,4,0,5,No
667,30,Male,Divorced,Sales,Manager,Life Sciences,2,1,21085,15,1,3,4,2,4,4,Travel_Frequently,No,10,26,15,3,1,5,15,No
668,57,Male,Divorced,Research & Development,Healthcare Representative,Medical,5,5,10693,21,0,3,4,4,4,2,Travel_Frequently,No,1,23,13,15,4,2,17,No
669,43,Female,Single,Research & Development,Manager,Medical,2,4,15728,25,0,3,4,3,3,3,Travel_Frequently,Yes,25,3,3,4,5,2,3,No
670,48,Male,Married,Sales,Manager,Technical Degree,1,3,17184,16,0,3,4,4,4,3,Travel_Rarely,No,25,4,4,1,6,3,28,No
671,57,Male,Married,Sales,Sales Executive,Other,1,2,7720,19,0,4,2,4,3,4,Non-Travel,Yes,9,10,0,0,7,1,2,Yes
672,40,Male,Married,Sales,Sales Representative,Life Sciences,5,1,11467,24,3,3,1,4,2,4,Travel_Frequently,Yes,31,36,3,8,9,2,20,Yes
673,57,Male,Single,Research & Development,Research Scientist,Marketing,1,4,8055,24,0,3,1,3,3,3,Travel_Frequently,Yes,32,18,9,9,6,3,26,Yes
674,60,Male,Single,Human Resources,Manager,Life Sciences,2,1,23437,18,0,3,2,2,3,3,Non-Travel,Yes,20,20,18,7,7,3,14,Yes
675,60,Male,Single,Sales,Manager,Technical Degree,2,3,24982,12,0,4,4,4,3,3,Non-Travel,No,31,35,14,12,5,3,5,No
676,45,Male,Single,Research & Development,Manager,Marketing,4,1,29275,18,2,3,4,1,4,2,Non-Travel,Yes,32,20,15,8,3,5,6,No
677,58,Female,Married,Research & Development,Research Scientist,Human Resources,2,2,9187,13,0,3,4,4,4,3,Travel_Frequently,Yes,33,23,12,6,6,6,24,Yes
678,55,Male,Single,Research & Development,Research Director,Other,1,4,23774,24,2,4,2,4,4,3,Travel_Frequently,No,14,35,10,7,7,2,10,Yes
679,32,Female,Single,Research & Development,Research Scientist,Medical,4,1,15524,17,0,3,2,4,2,3,Non-Travel,Yes,34,37,13,0,8,6,24,Yes
680,37,Female,Single,Research & Development,Manager,Technical Degree,5,3,31385,13,1,3,3,4,3,1,Non-Travel,No,15,38,15,0,1,1,24,No
681,60,Female,Single,Research & Development,Laboratory Technician,Marketing,3,5,7960,22,1,3,3,4,3,4,Travel_Frequently,Yes,0,18,7,2,4,1,4,Yes
682,25,Female,Divorced,Research & Development,Healthcare Representative,Life Sciences,3,1,13003,16,0,3,4,3,4,2,Travel_Frequently,Yes,1,32,2,2,2,1,11,No
683,52,Male,Married,Sales,Manager,Technical Degree,1,5,17328,23,2,3,3,2,4,3,Non-Travel,Yes,37,12,11,11,1,5,8,No
684,53,Male,Single,Research & Development,Research Director,Marketing,1,3,25823,21,0,3,3,1,3,3,Travel_Rarely,Yes,29,29,2,4,1,4,17,No
685,55,Female,Divorced,Research & Development,Research Scientist,Other,3,2,9558,15,1,3,3,1,3,2,Non-Travel,No,19,8,2,4,6,1,9,No
686,22,Female,Married,Research & Development,Research Director,Marketing,2,1,25281,24,0,3,3,3,3,2,Non-Travel,No,7,33,3,8,5,2,29,Yes
687,31,Male,Married,Sales,Manager,Human Resources,5,3,27438,25,1,3,4,4,2,4,Travel_Frequently,Yes,2,37,9,13,1,5,11,No
688,26,Female,Single,Sales,Sales Executive,Technical Degree,5,1,7039,15,0,4,1,4,4,2,Travel_Rarely,No,21,4,1,1,9,5,28,Yes
689,48,Male,Divorced,Sales,Sales Executive,Human Resources,3,5,11226,23,1,4,4,3,2,2,Non-Travel,Yes,27,13,3,9,6,1,27,No
690,26,Female,Married,Research & Development,Healthcare Representative,Life Sciences,4,3,11231,21,1,3,4,1,3,3,Non-Travel,No,16,25,4,5,9,0,22,No
691,20,Male,Single,Sales,Manager,Life Sciences,5,1,19676,21,0,3,4,4,3,3,Non-Travel,No,21,14,6,14,2,1,24,Yes
692,41,Male,Divorced,Research & Development,Research Scientist,Other,2,2,9879,17,0,4,4,4,3,4,Non-Travel,No,31,20,15,8,6,0,9,No
693,28,Male,Married,Sales,Sales Representative,Marketing,2,3,3992,15,0,3,4,3,4,4,Non-Travel,No,4,3,4,3,5,2,21,Yes
694,35,Male,Single,Sales,Sales Executive,Medical,4,4,12056,14,3,3,4,3,2,2,Travel_Frequently,No,17,30,11,8,1,2,28,No
695,43,Male,Single,Research & Development,Healthcare Representative,Other,5,5,6052,20,2,3,1,2,4,3,Travel_Rarely,No,33,1,0,0,0,2,25,Yes
696,44,Male,Single,Research & Development,Manufacturing Director,Other,3,5,24111,14,1,3,2,4,3,3,Travel_Rarely,No,22,36,3,12,7,4,7,No
697,20,Female,Married,Research & Development,Healthcare Representative,Life Sciences,1,1,10965,20,2,3,3,4,4,2,Non-Travel,No,26,21,17,2,1,5,18,No
698,32,Male,Single,Research & Development,Laboratory Technician,Human Resources,4,2,6394,12,0,3,2,1,1,4,Travel_Frequently,No,38,13,8,11,3,0,16,Yes
699,28,Male,Married,Research & Development,Manufacturing Director,Medical,5,3,12120,11,0,3,4,3,3,3,Travel_Rarely,No,10,0,0,0,9,0,22,Yes
700,28,Male,Single,Sales,Sales Executive,Other,4,2,10020,20,0,3,4,4,3,2,Travel_Rarely,Yes,40,14,9,13,2,5,3,Yes
701,48,Female,Single,Research & Development,Laboratory Technician,Medical,1,2,8478,17,0,3,1,4,3,3,Non-Travel,No,33,24,17,10,7,1,27,Yes
702,46,Male,Married,Human Resources,Human Resources,Other,1,2,8949,17,0,3,2,3,4,2,Travel_Frequently,No,37,27,3,4,0,1,24,Yes
703,53,Male,Divorced,Research & Development,Research Scientist,Medical,2,2,11513,25,0,4,3,3,3,1,Non-Travel,Yes,34,30,17,2,5,4,18,Yes
704,39,Female,Married,Sales,Sales Representative,Other,1,5,9552,13,1,3,1,4,2,3,Travel_Frequently,Yes,20,35,14,5,4,6,11,Yes
705,19,Female,Married,Sales,Sales Executive,Human Resources,1,1,5383,22,0,4,4,1,3,4,Travel_Rarely,Yes,34,1,2,1,0,6,21,No
706,19,Male,Single,Research & Development,Manufacturing Director,Life Sciences,5,2,22694,20,1,3,4,2,3,3,Non-Travel,No,4,9,2,2,4,4,20,No
707,42,Male,Single,Research & Development,Healthcare Representative,Medical,4,3,12942,21,0,3,1,3,3,3,Travel_Rarely,Yes,25,30,12,3,3,3,5,Yes
708,32,Male,Single,Research & Development,Manufacturing Director,Life Sciences,4,1,23003,17,0,3,3,4,1,3,Travel_Frequently,No,39,20,11,0,9,6,21,No
709,26,Male,Married,Human Resources,Human Resources,Human Resources,5,1,5034,15,1,3,1,4,4,2,Travel_Rarely,No,30,4,3,1,8,1,13,No
710,51,Female,Single,Research & Development,Laboratory Technician,Marketing,2,5,4835,20,1,3,3,3,2,3,Non-Travel,Yes,1,4,1,3,2,2,24,No
711,45,Female,Single,Research & Development,Manufacturing Director,Marketing,4,2,21082,16,3,3,1,2,4,4,Travel_Frequently,No,11,13,6,12,3,5,22,No
712,29,Male,Single,Research & Development,Manufacturing Director,Marketing,3,5,20354,20,3,3,2,4,4,1,Non-Travel,Yes,14,18,3,11,3,4,23,Yes
713,35,Male,Divorced,Research & Development,Laboratory Technician,Marketing,1,3,7731,14,0,3,4,4,2,4,Non-Travel,Yes,12,21,16,8,9,2,29,No
714,32,Female,Divorced,Research & Development,Research Director,Life Sciences,5,1,18742,20,3,3,4,1,1,4,Non-Travel,No,31,9,3,2,6,5,11,No
715,44,Male,Divorced,Human Resources,Human Resources,Technical Degree,1,4,4952,19,2,3,4,4,4,3,Non-Travel,No,0,2,0,1,3,6,1,No
716,55,Male,Single,Human Resources,Human Resources,Technical Degree,4,3,7712,22,0,4,2,1,3,4,Non-Travel,Yes,26,6,0,3,6,2,20,Yes
717,21,Male,Divorced,Research & Development,Laboratory Technician,Medical,4,5,5193,18,0,3,2,2,1,4,Travel_Rarely,No,12,4,1,5,2,1,20,Yes
718,22,Male,Single,Research & Development,Laboratory Technician,Other,3,2,7716,19,1,4,3,1,3,3,Travel_Frequently,Yes,1,15,10,7,7,3,14,Yes
719,20,Female,Married,Research & Development,Manager,Life Sciences,5,2,20934,16,0,4,3,1,2,4,Travel_Rarely,Yes,1,33,12,4,7,0,11,No
720,24,Male,Married,Human Resources,Human Resources,Medical,4,5,8041,12,1,4,4,3,2,3,Travel_Frequently,Yes,9,11,9,3,8,6,9,No
721,25,Male,Married,Sales,Sales Executive,Other,5,5,12449,13,0,3,2,3,3,3,Non-Travel,Yes,7,15,1,3,5,3,23,Yes
722,21,Male,Single,Research & Development,Manufacturing Director,Life Sciences,4,3,18802,20,2,3,3,3,3,3,Non-Travel,No,40,32,13,12,4,6,18,No
723,47,Male,Married,Research & Development,Manufacturing Director,Medical,3,5,12198,12,0,3,4,4,2,3,Non-Travel,No,12,5,1,1,1,1,27,No
724,36,Female,Divorced,Research & Development,Laboratory Technician,Human Resources,4,2,5978,17,1,3,4,3,3,4,Non-Travel,Yes,28,9,2,3,4,4,24,No
725,32,Male,Divorced,Sales,Manager,Other,5,1,24074,24,2,3,3,1,3,3,Travel_Frequently,Yes,26,20,3,4,9,4,14,No
726,27,Male,Single,Research & Development,Manufacturing Director,Human Resources,4,5,24339,17,0,3,3,4,3,2,Non-Travel,No,35,25,15,13,1,5,27,No
727,30,Male,Married,Research & Development,Laboratory Technician,Medical,2,5,9335,23,2,4,2,2,3,4,Travel_Rarely,Yes,1,33,5,15,3,0,1,No
728,45,Female,Single,Research & Development,Manufacturing Director,Human Resources,2,1,26450,12,1,3,3,3,4,4,Travel_Rarely,Yes,1,38,1,2,6,4,2,No
729,23,Female,Married,Research & Development,Healthcare Representative,Other,5,2,9908,24,1,3,3,3,1,2,Non-Travel,Yes,23,18,7,8,4,0,29,No
730,56,Male,Single,Research & Development,Research Director,Medical,5,2,17563,16,0,3,3,4,1,3,Travel_Frequently,No,40,18,15,12,0,1,19,No
731,22,Male,Divorced,Research & Development,Manufacturing Director,Medical,4,2,15424,12,3,4,1,3,4,4,Non-Travel,No,10,16,6,11,6,0,15,Yes
732,47,Male,Divorced,Research & Development,Research Scientist,Technical Degree,1,2,7485,23,0,3,2,4,4,3,Travel_Rarely,Yes,29,0,1,1,6,0,7,Yes
733,60,Male,Divorced,Sales,Sales Executive,Medical,4,3,14917,19,0,3,2,3,2,3,Travel_Rarely,Yes,3,34,7,14,3,5,9,No
734,48,Male,Divorced,Research & Development,Research Director,Medical,1,1,25076,24,0,3,1,3,2,4,Travel_Frequently,No,34,34,5,3,3,2,17,No
735,28,Male,Divorced,Human Resources,Manager,Medical,5,2,24525,25,0,3,3,3,3,4,Travel_Frequently,No,26,36,0,10,3,4,25,No
736,19,Female,Divorced,Research & Development,Manager,Life Sciences,4,4,30134,22,0,4,4,3,3,4,Non-Travel,No,33,31,4,0,5,6,1,No
737,23,Male,Divorced,Research & Development,Laboratory Technician,Other,3,1,5341,23,0,4,2,4,3,4,Travel_Frequently,Yes,25,10,9,2,1,4,21,Yes
738,22,Male,Divorced,Research & Development,Laboratory Technician,Other,3,2,11559,17,1,3,1,4,3,4,Travel_Frequently,Yes,10,36,4,1,5,6,2,No
739,60,Male,Divorced,Human Resources,Human Resources,Medical,3,5,11657,16,2,3,3,3,3,1,Non-Travel,No,5,34,9,11,7,5,18,No
740,59,Male,Divorced,Research & Development,Research Scientist,Human Resources,2,1,11279,25,1,3,1,4,4,4,Travel_Rarely,No,4,28,14,15,9,4,16,No
741,57,Male,Single,Research & Development,Laboratory Technician,Technical Degree,1,5,10710,16,1,3,4,3,3,4,Non-Travel,Yes,15,36,11,1,4,0,22,No
742,42,Male,Divorced,Research & Development,Healthcare Representative,Marketing,5,2,11632,23,1,4,4,2,3,2,Travel_Frequently,Yes,33,24,12,14,9,3,7,Yes
743,36,Female,Divorced,Sales,Manager,Medical,2,5,24482,25,3,4,3,3,3,2,Travel_Rarely,No,5,11,10,10,5,1,18,No
744,48,Male,Divorced,Research & Development,Manager,Other,2,3,21359,19,1,3,4,1,3,4,Travel_Rarely,Yes,32,11,1,8,6,2,12,No
745,49,Female,Married,Sales,Manager,Other,3,3,22310,14,0,3,2,3,3,4,Non-Travel,Yes,32,33,18,2,1,3,20,No
746,30,Male,Married,Research & Development,Research Scientist,Technical Degree,3,1,14435,16,0,3,4,4,3,2,Travel_Rarely,Yes,13,33,5,11,9,1,27,Yes
747,51,Male,Single,Research & Development,Manager,Medical,1,3,18844,23,2,3,2,3,3,3,Travel_Frequently,Yes,39,6,1,7,8,0,20,No
748,48,Female,Divorced,Research & Development,Laboratory Technician,Marketing,5,4,3704,17,0,3,2,4,2,3,Non-Travel,No,28,0,1,1,4,6,6,No
749,39,Male,Married,Sales,Manager,Marketing,3,5,30707,15,0,3,2,4,3,4,Non-Travel,No,5,32,13,10,0,1,28,No
750,20,Male,Divorced,Sales,Sales Executive,Other,1,3,9718,24,0,3,4,3,3,3,Travel_Rarely,Yes,33,9,3,10,6,4,24,Yes
751,36,Female,Married,Sales,Sales Executive,Technical Degree,2,4,9244,24,1,4,2,3,3,4,Non-Travel,No,28,19,9,13,2,5,1,No
752,28,Male,Divorced,Sales,Manager,Human Resources,1,2,29332,14,2,3,2,3,4,4,Travel_Rarely,Yes,0,23,9,2,0,3,24,No
753,51,Male,Divorced,Sales,Sales Executive,Technical Degree,4,5,10935,22,0,3,3,4,3,4,Travel_Rarely,No,30,15,14,10,4,5,12,No
754,48,Male,Married,Research & Development,Healthcare Representative,Other,4,4,8608,25,1,3,3,1,4,1,Travel_Rarely,Yes,11,8,7,1,7,1,3,No
755,30,Female,Divorced,Research & Development,Laboratory Technician,Marketing,2,2,8334,13,1,3,4,3,3,4,Non-Travel,Yes,10,28,3,13,5,5,28,No
756,37,Male,Married,Research & Development,Manager,Human Resources,5,2,25873,16,1,3,3,3,2,3,Travel_Rarely,No,29,15,15,7,2,6,13,No
757,54,Male,Divorced,Sales,Sales Executive,Human Resources,4,1,12097,13,1,3,2,2,2,3,Travel_Frequently,Yes,38,21,14,15,1,1,16,Yes
758,26,Female,Single,Research & Development,Healthcare Representative,Life Sciences,2,3,15450,17,1,3,4,1,4,2,Non-Travel,Yes,2,37,1,8,8,3,20,Yes
759,47,Female,Married,Research & Development,Manager,Marketing,5,3,30747,13,0,3,3,4,4,4,Travel_Frequently,Yes,2,33,6,0,4,2,8,No
760,54,Male,Single,Human Resources,Human Resources,Life Sciences,1,2,13236,21,1,3,2,4,3,3,Travel_Frequently,Yes,22,36,0,2,4,1,16,No
761,50,Male,Divorced,Sales,Manager,Other,5,4,17083,12,1,3,1,3,4,3,Travel_Rarely,No,9,12,1,3,2,0,28,No
762,47,Male,Single,Research & Development,Manager,Life Sciences,2,2,21924,11,0,3,3,3,3,4,Travel_Rarely,Yes,33,26,14,7,3,4,24,Yes
763,36,Male,Divorced,Research & Development,Research Scientist,Other,3,5,12350,12,0,3,2,2,3,2,Travel_Rarely,Yes,1,36,17,12,8,1,11,No
764,60,Female,Married,Research & Development,Manufacturing Director,Medical,3,3,22311,22,0,3,4,4,2,4,Travel_Frequently,Yes,0,20,6,11,2,6,23,Yes
765,24,Male,Single,Research & Development,Research Scientist,Human Resources,3,4,7063,15,2,3,4,4,2,2,Travel_Frequently,No,4,14,4,0,2,3,2,No
766,57,Male,Single,Research & Development,Healthcare Representative,Other,1,4,10241,17,2,3,3,2,3,2,Travel_Frequently,Yes,18,10,8,10,1,2,11,No
767,58,Male,Single,Sales,Sales Executive,Marketing,4,4,8591,20,3,3,2,3,3,4,Travel_Frequently,Yes,19,0,0,1,7,4,22,Yes
768,41,Male,Married,Research & Development,Healthcare Representative,Marketing,4,4,13453,11,0,3,3,4,2,4,Travel_Rarely,No,32,18,3,1,3,0,26,No
769,53,Male,Married,Human Resources,Manager,Life Sciences,5,1,19911,23,1,3,1,1,3,3,Travel_Rarely,Yes,6,14,10,1,7,0,7,No
770,46,Female,Married,Research & Development,Research Director,Marketing,3,5,23055,15,1,3,2,3,3,2,Travel_Rarely,Yes,12,6,0,0,9,3,6,No
771,40,Male,Married,Research & Development,Manufacturing Director,Marketing,2,2,17261,20,0,3,3,4,3,3,Travel_Frequently,Yes,16,28,13,12,6,6,5,Yes
772,22,Male,Single,Sales,Manager,Technical Degree,4,1,30142,15,3,3,2,1,2,1,Travel_Frequently,Yes,7,33,1,14,9,3,22,Yes
773,20,Male,Divorced,Research & Development,Healthcare Representative,Other,3,5,6119,11,0,3,4,4,2,3,Travel_Rarely,Yes,11,1,0,1,9,4,17,No
774,37,Female,Divorced,Sales,Manager,Medical,4,5,25415,18,1,3,4,3,4,3,Travel_Frequently,No,18,38,3,13,6,0,5,No
775,21,Male,Single,Sales,Sales Representative,Other,5,5,10243,20,0,3,3,1,2,3,Travel_Rarely,No,0,31,2,8,2,3,28,Yes
776,19,Male,Single,Human Resources,Human Resources,Medical,1,3,6480,12,2,4,3,3,3,4,Non-Travel,Yes,5,13,3,5,9,4,17,Yes
777,46,Male,Single,Research & Development,Manufacturing Director,Life Sciences,5,4,14707,25,0,3,4,2,1,2,Travel_Frequently,No,22,9,8,8,3,4,15,No
778,46,Male,Married,Human Resources,Manager,Other,1,2,21958,24,0,3,3,2,1,3,Travel_Rarely,Yes,5,0,0,1,9,2,26,No
779,45,Male,Married,Sales,Manager,Life Sciences,5,3,28930,14,1,3,4,4,2,4,Non-Travel,No,27,35,3,11,6,0,16,No
780,33,Male,Divorced,Research & Development,Manager,Life Sciences,4,5,23124,23,2,3,3,3,3,2,Non-Travel,Yes,40,11,0,9,6,5,21,No
781,42,Male,Married,Sales,Manager,Medical,1,4,26397,11,0,3,3,3,3,2,Non-Travel,Yes,22,24,18,7,6,2,18,No
782,50,Male,Divorced,Research & Development,Research Scientist,Human Resources,1,4,13563,13,3,3,4,2,4,4,Travel_Frequently,No,33,36,14,2,6,0,20,No
783,37,Female,Divorced,Research & Development,Research Scientist,Human Resources,2,2,5963,22,0,3,2,3,4,3,Non-Travel,Yes,0,4,2,1,3,0,9,No
784,24,Male,Single,Research & Development,Manufacturing Director,Marketing,4,2,19129,15,0,3,2,3,4,1,Travel_Rarely,No,12,25,9,8,0,6,19,No
785,48,Male,Divorced,Research & Development,Research Scientist,Human Resources,5,1,10874,19,1,4,4,1,4,3,Travel_Rarely,Yes,35,30,4,3,4,0,15,No
786,24,Male,Divorced,Sales,Manager,Human Resources,5,5,27132,23,3,3,4,3,3,4,Travel_Frequently,No,35,14,14,9,8,3,19,No
787,38,Male,Single,Research & Development,Research Scientist,Human Resources,2,1,10731,24,1,3,3,3,4,4,Non-Travel,Yes,24,21,1,11,1,0,16,Yes
788,21,Male,Married,Sales,Manager,Other,2,1,20660,19,1,3,4,3,3,3,Non-Travel,Yes,0,14,1,0,9,5,21,No
789,37,Female,Married,Research & Development,Laboratory Technician,Marketing,5,5,10108,17,0,3,4,3,2,3,Travel_Rarely,No,10,33,0,9,5,3,28,No
790,39,Male,Married,Research & Development,Research Director,Human Resources,1,4,30167,13,0,3,4,2,3,3,Travel_Frequently,Yes,24,34,4,5,6,2,23,Yes
791,43,Female,Single,Sales,Sales Executive,Medical,2,1,13622,13,0,3,2,4,3,3,Travel_Rarely,Yes,30,40,15,9,6,1,25,No
792,42,Female,Single,Research & Development,Research Scientist,Human Resources,3,5,6743,23,1,3,1,1,2,4,Non-Travel,Yes,34,1,0,0,7,4,17,Yes
793,49,Female,Divorced,Human Resources,Manager,Life Sciences,3,4,26200,13,3,3,1,2,4,2,Travel_Rarely,No,27,35,2,4,1,1,2,No
794,32,Male,Divorced,Sales,Sales Representative,Technical Degree,5,3,9625,24,1,3,2,2,3,3,Non-Travel,No,19,30,4,3,8,5,25,No
795,34,Male,Single,Sales,Sales Representative,Marketing,3,3,6890,21,1,3,4,4,4,4,Travel_Frequently,Yes,4,23,3,4,3,1,23,No
796,52,Female,Divorced,Human Resources,Manager,Technical Degree,2,2,31669,21,0,3,4,4,3,3,Travel_Frequently,Yes,1,39,6,12,2,6,3,No
797,18,Male,Married,Research & Development,Healthcare Representative,Other,2,1,16943,17,1,3,1,2,4,4,Non-Travel,Yes,32,34,4,8,9,1,11,No
798,18,Female,Divorced,Research & Development,Healthcare Representative,Technical Degree,4,4,8616,19,0,4,4,4,4,3,Non-Travel,Yes,11,2,2,2,4,5,12,No
799,21,Female,Divorced,Sales,Sales Representative,Technical Degree,5,1,10617,11,1,3,2,4,3,4,Travel_Frequently,Yes,20,34,7,3,2,4,15,Yes
800,52,Female,Divorced,Human Resources,Manager,Human Resources,1,3,29311,16,1,3,4,4,3,2,Travel_Frequently,Yes,28,24,4,8,6,1,2,No
801,56,Male,Single,Research & Development,Manager,Human Resources,2,5,28567,18,0,3,4,3,3,2,Travel_Frequently,No,7,34,17,15,0,3,27,Yes
802,31,Male,Divorced,Sales,Manager,Life Sciences,1,2,16894,14,0,3,3,1,3,3,Travel_Rarely,Yes,29,11,6,6,1,0,1,Yes
803,56,Male,Married,Research & Development,Manager,Marketing,2,3,27097,17,2,3,4,4,3,2,Non-Travel,Yes,35,35,9,10,3,5,3,Yes
804,48,Male,Divorced,Research & Development,Research Scientist,Human Resources,3,1,10027,11,0,3,3,4,4,3,Non-Travel,Yes,25,17,5,0,5,6,27,Yes
805,55,Female,Divorced,Sales,Sales Representative,Other,4,4,8004,15,0,3,3,3,1,4,Travel_Rarely,Yes,19,24,2,2,3,2,1,Yes
806,38,Female,Married,Research & Development,Manufacturing Director,Marketing,5,2,19432,17,0,3,3,3,4,3,Non-Travel,No,36,6,6,2,6,4,15,Yes
807,32,Female,Divorced,Research & Development,Manufacturing Director,Other,4,5,27110,12,0,3,3,3,3,2,Non-Travel,Yes,29,34,2,14,6,0,23,No
808,19,Male,Married,Research & Development,Laboratory Technician,Life Sciences,5,1,5621,23,3,4,1,3,4,2,Travel_Frequently,Yes,4,5,6,3,5,2,17,Yes
809,47,Male,Divorced,Research & Development,Research Scientist,Medical,1,1,12184,19,1,3,3,3,3,3,Non-Travel,Yes,38,31,18,12,2,3,9,No
810,56,Male,Single,Sales,Sales Executive,Medical,1,5,11427,16,1,3,2,4,3,1,Travel_Frequently,No,27,30,16,4,0,6,19,No
811,49,Male,Single,Sales,Sales Representative,Other,3,4,4465,15,3,3,4,2,1,2,Non-Travel,Yes,30,0,0,0,8,4,11,Yes
812,18,Female,Single,Research & Development,Healthcare Representative,Medical,1,2,10254,17,0,4,1,3,3,4,Non-Travel,Yes,23,3,0,3,1,0,26,No
813,59,Female,Divorced,Research & Development,Manufacturing Director,Life Sciences,1,3,12408,13,0,3,1,1,3,3,Travel_Rarely,Yes,28,3,0,4,2,1,2,No
814,45,Male,Married,Sales,Sales Executive,Marketing,5,3,16764,22,0,3,2,2,1,3,Travel_Frequently,Yes,29,37,13,6,6,2,5,No
815,48,Male,Divorced,Research & Development,Healthcare Representative,Marketing,5,1,11216,14,3,3,3,1,3,2,Non-Travel,Yes,2,7,2,5,8,5,20,No
816,29,Female,Married,Research & Development,Manager,Medical,3,2,20165,17,1,3,3,2,2,3,Non-Travel,No,2,4,5,3,7,1,19,No
817,34,Male,Married,Research & Development,Manager,Other,3,4,24088,25,0,3,4,3,3,3,Non-Travel,Yes,28,19,8,1,6,2,15,No
818,23,Male,Single,Research & Development,Healthcare Representative,Marketing,3,1,11944,11,1,3,4,4,2,4,Non-Travel,Yes,38,23,3,7,1,0,4,No
819,42,Male,Married,Research & Development,Manufacturing Director,Technical Degree,1,2,12274,13,1,3,3,3,3,4,Travel_Rarely,No,20,6,4,1,2,0,29,No
820,29,Female,Married,Sales,Sales Executive,Other,1,1,12109,16,0,3,4,4,4,2,Non-Travel,Yes,22,28,18,8,7,5,29,Yes
821,46,Male,Married,Research & Development,Research Scientist,Human Resources,1,3,11036,22,1,3,1,3,4,4,Travel_Rarely,Yes,4,18,1,0,6,2,22,No
822,18,Male,Married,Research & Development,Healthcare Representative,Medical,4,1,7874,19,1,4,3,2,3,1,Travel_Rarely,No,19,13,10,9,1,1,21,No
823,57,Male,Married,Research & Development,Manufacturing Director,Life Sciences,1,1,16201,17,3,3,4,3,3,3,Travel_Rarely,No,25,11,9,6,8,0,3,No
824,46,Male,Married,Research & Development,Manager,Medical,2,5,23826,24,0,3,2,4,4,3,Travel_Rarely,No,14,30,0,0,6,3,15,No
825,39,Female,Single,Research & Development,Laboratory Technician,Marketing,3,2,7689,25,0,3,1,3,2,2,Travel_Frequently,Yes,37,20,1,5,9,5,25,Yes
826,37,Female,Single,Sales,Sales Executive,Other,1,3,13559,14,0,3,4,3,1,4,Non-Travel,Yes,32,21,8,7,0,1,29,No
827,42,Male,Single,Human Resources,Human Resources,Technical Degree,3,5,9543,19,2,3,3,3,4,3,Non-Travel,No,11,25,2,5,9,5,19,No
828,28,Female,Married,Research & Development,Healthcare Representative,Medical,4,3,12071,16,1,3,1,3,4,3,Travel_Rarely,Yes,1,25,4,0,7,0,3,No
829,32,Female,Single,Research & Development,Laboratory Technician,Other,2,1,11170,16,3,3,1,2,2,3,Non-Travel,Yes,31,35,0,11,9,0,14,No
830,50,Female,Divorced,Sales,Sales Executive,Human Resources,4,4,12479,13,1,3,2,3,3,1,Non-Travel,Yes,3,27,10,7,7,4,25,No
831,31,Female,Divorced,Research & Development,Manufacturing Director,Marketing,3,3,13658,24,0,3,3,3,3,2,Travel_Rarely,No,30,4,1,0,0,1,18,No
832,52,Male,Single,Sales,Sales Representative,Marketing,4,3,4867,21,0,3,3,4,4,3,Travel_Rarely,Yes,7,8,1,6,5,4,20,Yes
833,18,Male,Single,Research & Development,Manager,Other,2,2,16145,24,0,3,4,3,3,4,Travel_Rarely,Yes,8,8,1,3,5,5,7,No
834,50,Female,Married,Sales,Sales Executive,Life Sciences,3,5,6734,14,3,3,3,3,4,3,Travel_Frequently,No,37,5,0,4,8,1,5,No
835,19,Male,Divorced,Research & Development,Manager,Human Resources,1,2,21104,20,1,3,4,1,1,4,Non-Travel,Yes,16,10,3,11,8,6,9,No
836,43,Male,Single,Sales,Sales Representative,Marketing,4,5,5192,25,0,4,2,4,1,4,Travel_Rarely,No,29,10,0,6,3,5,13,Yes
837,54,Female,Married,Human Resources,Human Resources,Marketing,1,4,12862,17,0,3,4,3,3,4,Travel_Rarely,No,14,32,18,13,5,0,10,No
838,28,Male,Single,Research & Development,Research Director,Marketing,2,3,22148,14,2,3,2,4,4,4,Travel_Frequently,No,35,29,10,8,2,0,22,No
839,58,Female,Divorced,Research & Development,Manufacturing Director,Medical,2,3,16996,25,2,3,3,3,3,4,Non-Travel,Yes,16,2,1,1,8,2,26,No
840,36,Male,Divorced,Sales,Sales Executive,Medical,3,2,13757,24,0,3,4,1,2,4,Travel_Frequently,Yes,23,29,16,15,6,0,12,Yes
841,41,Female,Divorced,Human Resources,Manager,Technical Degree,5,3,18716,22,2,4,4,3,3,4,Non-Travel,No,23,29,7,13,5,4,16,No
842,43,Female,Married,Human Resources,Manager,Medical,1,2,26010,16,0,3,4,4,3,1,Non-Travel,Yes,21,24,9,2,5,1,25,No
843,38,Male,Single,Research & Development,Laboratory Technician,Technical Degree,3,2,7427,14,0,3,3,4,3,3,Travel_Frequently,Yes,24,23,3,9,0,5,9,No
844,30,Female,Single,Research & Development,Manufacturing Director,Medical,1,4,23591,20,0,3,4,3,2,2,Travel_Frequently,No,1,15,0,3,7,4,27,No
845,27,Male,Single,Research & Development,Laboratory Technician,Other,3,2,4156,17,2,3,1,3,3,3,Travel_Frequently,No,31,7,0,1,7,1,21,Yes
846,51,Male,Single,Human Resources,Human Resources,Technical Degree,4,3,9974,17,0,3,4,1,4,4,Travel_Rarely,No,2,26,11,4,7,4,3,No
847,38,Male,Single,Sales,Sales Representative,Medical,1,3,9042,13,0,3,3,4,1,2,Travel_Rarely,No,1,33,9,7,9,5,26,No
848,43,Male,Single,Sales,Sales Executive,Human Resources,3,3,16334,22,0,3,4,2,3,4,Travel_Frequently,Yes,38,33,5,15,3,2,5,Yes
849,40,Female,Divorced,Research & Development,Manufacturing Director,Human Resources,5,5,18373,13,0,3,4,3,2,4,Travel_Rarely,No,14,13,12,5,3,1,8,No
850,50,Male,Single,Research & Development,Research Scientist,Human Resources,4,1,10980,23,1,3,4,4,3,3,Travel_Rarely,No,6,22,0,15,1,1,13,Yes
851,53,Female,Divorced,Sales,Manager,Technical Degree,4,3,16405,19,2,3,4,3,3,3,Non-Travel,Yes,16,14,4,4,3,1,23,No
852,28,Male,Married,Human Resources,Human Resources,Other,5,2,12306,22,2,4,1,3,2,2,Non-Travel,No,22,32,12,1,6,1,27,No
853,31,Male,Divorced,Research & Development,Healthcare Representative,Other,1,5,10952,11,0,3,3,3,4,2,Travel_Rarely,No,15,23,0,15,5,1,28,No
854,25,Male,Single,Research & Development,Healthcare Representative,Other,1,5,16964,23,0,3,2,3,1,4,Non-Travel,Yes,23,35,12,2,5,5,9,No
855,41,Male,Divorced,Research & Development,Research Scientist,Other,3,1,8971,12,1,4,2,3,1,3,Travel_Rarely,Yes,1,20,18,2,9,5,13,Yes
856,55,Female,Single,Research & Development,Laboratory Technician,Life Sciences,3,2,6857,17,3,3,3,1,3,4,Travel_Rarely,No,31,20,3,4,1,1,10,No
857,54,Female,Married,Sales,Sales Executive,Technical Degree,1,5,8053,19,1,3,4,3,3,4,Non-Travel,No,14,15,2,5,2,3,21,No
858,47,Male,Divorced,Research & Development,Research Scientist,Medical,2,5,10272,25,3,3,3,2,4,3,Non-Travel,No,40,21,12,10,4,1,1,No
859,29,Male,Divorced,Human Resources,Manager,Marketing,4,4,22751,15,3,3,1,3,1,4,Travel_Rarely,Yes,30,14,0,1,0,1,14,Yes
860,43,Male,Married,Human Resources,Manager,Technical Degree,3,1,17387,17,2,3,2,3,3,4,Travel_Frequently,No,2,19,8,10,0,0,14,No
861,32,Female,Married,Sales,Sales Representative,Technical Degree,1,1,9994,25,1,3,2,2,3,4,Travel_Frequently,No,14,30,10,6,0,5,12,No
862,18,Male,Single,Research & Development,Manager,Marketing,2,1,20729,24,0,3,3,3,2,4,Non-Travel,No,36,11,12,5,9,3,12,No
863,60,Male,Married,Human Resources,Manager,Life Sciences,3,5,24835,12,0,4,2,3,4,4,Travel_Frequently,Yes,15,27,8,8,9,3,10,Yes
864,44,Male,Divorced,Sales,Sales Representative,Marketing,5,4,6441,13,1,3,1,4,4,4,Non-Travel,Yes,34,16,16,8,1,1,6,Yes
865,54,Male,Married,Sales,Sales Executive,Human Resources,3,2,12428,15,1,3,1,3,3,3,Travel_Rarely,Yes,37,28,4,4,0,1,1,No
866,54,Female,Single,Sales,Sales Representative,Medical,3,1,8909,13,2,3,4,4,3,3,Travel_Rarely,Yes,25,27,11,12,3,2,19,No
867,48,Male,Divorced,Research & Development,Manager,Marketing,5,3,14729,14,0,3,3,3,3,2,Travel_Rarely,Yes,14,0,1,0,3,2,29,No
868,28,Male,Married,Sales,Sales Representative,Other,1,1,4259,15,0,3,1,3,2,3,Travel_Frequently,No,25,8,8,0,0,4,26,Yes
869,27,Female,Single,Human Resources,Manager,Other,4,4,30937,25,0,3,4,2,3,1,Non-Travel,Yes,13,36,10,1,2,1,18,No
870,21,Male,Married,Research & Development,Healthcare Representative,Marketing,2,2,12217,14,0,4,2,3,3,2,Travel_Frequently,No,8,10,0,2,5,3,19,No
871,31,Female,Married,Human Resources,Human Resources,Life Sciences,4,4,4634,16,3,3,2,4,2,2,Travel_Frequently,No,30,0,1,1,3,5,2,Yes
872,41,Male,Single,Sales,Manager,Life Sciences,2,3,18801,22,3,3,1,1,4,3,Travel_Rarely,No,29,13,1,12,9,6,24,No
873,23,Male,Single,Research & Development,Research Scientist,Technical Degree,4,3,12581,21,2,3,4,4,4,2,Non-Travel,No,30,29,15,10,4,3,4,Yes
874,29,Female,Single,Research & Development,Manufacturing Director,Other,2,3,17991,19,2,3,1,2,3,3,Non-Travel,No,37,16,10,12,6,6,18,Yes
875,50,Female,Single,Sales,Sales Representative,Medical,1,2,4107,12,0,3,4,3,3,4,Non-Travel,No,2,9,3,5,8,3,26,No
876,60,Female,Married,Human Resources,Human Resources,Human Resources,2,3,4702,12,1,3,3,2,1,3,Travel_Frequently,Yes,38,4,2,5,1,3,4,No
877,49,Male,Married,Sales,Sales Executive,Marketing,2,2,13165,12,0,3,4,3,2,4,Non-Travel,Yes,37,24,12,6,3,5,24,Yes
878,30,Male,Single,Sales,Manager,Human Resources,5,5,23551,25,0,3,4,1,2,2,Travel_Frequently,No,23,12,9,10,6,6,17,No
879,57,Female,Married,Research & Development,Research Scientist,Medical,2,5,8236,22,0,3,2,2,3,4,Travel_Frequently,Yes,30,20,10,5,2,2,19,Yes
880,23,Male,Single,Sales,Sales Representative,Medical,2,5,7749,15,0,3,2,4,1,4,Non-Travel,Yes,26,25,6,1,2,4,11,Yes
881,55,Male,Divorced,Research & Development,Manager,Human Resources,3,2,20696,11,0,3,2,3,2,3,Non-Travel,Yes,1,25,17,10,1,1,7,No
882,59,Male,Divorced,Research & Development,Laboratory Technician,Other,1,2,10812,24,0,4,4,2,1,1,Travel_Frequently,Yes,18,34,16,3,5,4,5,No
883,44,Male,Single,Research & Development,Manufacturing Director,Human Resources,1,4,17506,15,3,3,3,4,3,4,Travel_Rarely,Yes,2,34,12,5,9,4,16,No
884,48,Female,Married,Research & Development,Manufacturing Director,Other,3,1,14593,20,0,3,4,2,3,2,Non-Travel,No,39,15,4,13,2,1,3,No
885,37,Male,Divorced,Sales,Sales Executive,Other,4,5,9574,25,2,3,1,4,2,2,Travel_Frequently,Yes,30,4,4,3,2,6,25,No
886,56,Male,Divorced,Research & Development,Manufacturing Director,Other,5,1,20174,11,0,3,2,3,3,4,Travel_Rarely,Yes,10,39,0,1,0,2,7,No
887,39,Male,Single,Research & Development,Manufacturing Director,Medical,3,2,19753,25,1,3,3,4,2,4,Travel_Rarely,No,35,12,11,2,6,6,26,No
888,54,Male,Divorced,Research & Development,Manager,Technical Degree,2,2,23586,13,2,4,1,2,3,4,Non-Travel,No,39,39,12,6,3,6,16,Yes
889,23,Male,Divorced,Research & Development,Manager,Medical,4,5,20417,15,3,3,2,4,2,2,Non-Travel,No,32,32,5,6,3,5,20,Yes
890,52,Male,Married,Sales,Manager,Other,1,4,22250,25,1,3,4,3,2,3,Travel_Rarely,Yes,40,32,11,5,0,5,29,No
891,59,Male,Married,Human Resources,Human Resources,Human Resources,1,3,9212,20,0,4,2,3,1,3,Travel_Rarely,No,19,17,11,15,2,5,22,No
892,27,Female,Divorced,Sales,Manager,Marketing,5,1,28660,13,0,3,3,3,3,3,Travel_Frequently,No,10,25,10,10,3,4,9,No
893,58,Female,Divorced,Research & Development,Manager,Medical,5,4,23335,17,1,4,4,1,3,3,Travel_Rarely,Yes,39,0,1,1,0,4,1,No
894,47,Male,Married,Research & Development,Manufacturing Director,Human Resources,2,5,18470,23,1,3,3,3,3,2,Non-Travel,No,29,19,16,10,3,3,24,No
895,24,Female,Married,Research & Development,Manufacturing Director,Medical,5,4,22314,25,0,4,2,1,3,4,Travel_Rarely,No,2,24,5,12,2,3,2,No
896,53,Male,Single,Research & Development,Healthcare Representative,Human Resources,1,2,13926,11,1,3,4,3,1,4,Non-Travel,No,2,38,10,15,4,5,27,No
897,57,Female,Single,Research & Development,Laboratory Technician,Life Sciences,2,4,10703,23,0,3,4,1,2,1,Non-Travel,No,22,38,12,12,1,4,29,No
898,40,Male,Married,Research & Development,Manufacturing Director,Human Resources,2,4,22511,19,1,4,1,2,4,3,Travel_Frequently,No,3,13,8,12,7,5,1,Yes
899,48,Male,Single,Research & Development,Manufacturing Director,Marketing,1,1,12636,14,0,3,3,4,3,2,Travel_Rarely,Yes,38,10,9,0,6,3,9,No
900,53,Female,Single,Research & Development,Research Director,Life Sciences,3,3,18026,20,1,4,4,2,3,4,Travel_Frequently,No,11,25,5,5,1,4,1,Yes
901,58,Male,Married,Research & Development,Laboratory Technician,Marketing,3,3,6498,20,0,3,3,2,1,4,Travel_Frequently,No,14,18,17,7,5,0,16,No
902,36,Male,Divorced,Research & Development,Laboratory Technician,Medical,2,1,6663,25,2,4,4,4,2,2,Travel_Rarely,Yes,40,21,4,14,7,1,14,Yes
903,59,Male,Married,Research & Development,Manufacturing Director,Human Resources,3,2,19205,21,2,3,4,4,3,2,Non-Travel,No,7,34,16,10,7,2,20,No
904,21,Male,Single,Sales,Sales Executive,Technical Degree,4,3,11917,15,1,3,4,3,3,3,Non-Travel,No,9,21,9,14,8,5,24,No
905,25,Male,Divorced,Research & Development,Healthcare Representative,Human Resources,2,1,13262,16,0,3,1,1,3,2,Non-Travel,No,33,29,6,13,1,6,26,Yes
906,33,Female,Single,Sales,Sales Executive,Human Resources,1,3,15826,23,0,3,4,2,4,3,Travel_Frequently,No,35,33,13,5,5,5,3,No
907,46,Female,Married,Research & Development,Research Scientist,Human Resources,1,1,11296,19,1,3,3,3,4,3,Travel_Rarely,Yes,18,19,8,12,7,0,24,No
908,42,Male,Married,Research & Development,Manager,Human Resources,5,5,19108,15,2,3,3,3,3,4,Travel_Rarely,Yes,21,10,0,9,9,4,19,No
909,20,Male,Married,Research & Development,Manager,Medical,3,2,17457,12,1,3,1,3,3,3,Travel_Frequently,Yes,18,7,2,4,6,2,24,No
910,57,Female,Single,Human Resources,Manager,Marketing,5,3,25391,23,1,4,4,4,3,4,Travel_Frequently,No,3,39,5,4,1,3,24,No
911,52,Male,Single,Research & Development,Manager,Other,5,4,27876,25,0,3,3,3,3,3,Non-Travel,Yes,19,38,8,10,1,6,9,Yes
912,45,Female,Divorced,Research & Development,Laboratory Technician,Other,1,2,9243,19,1,3,4,4,2,2,Travel_Frequently,Yes,5,31,18,7,9,3,27,Yes
913,39,Male,Divorced,Research & Development,Healthcare Representative,Human Resources,1,3,15726,16,0,4,1,4,4,3,Non-Travel,Yes,14,36,11,2,5,5,17,No
914,47,Female,Single,Research & Development,Research Scientist,Life Sciences,5,2,5813,23,1,3,4,4,3,3,Travel_Rarely,No,36,0,1,1,2,5,28,Yes
915,33,Female,Married,Research & Development,Research Scientist,Life Sciences,3,3,11802,11,2,3,1,4,1,2,Non-Travel,Yes,4,27,10,15,3,3,25,No
916,23,Male,Married,Research & Development,Research Director,Human Resources,1,1,19833,21,0,3,3,4,3,4,Non-Travel,Yes,27,13,1,5,4,3,22,Yes
917,39,Female,Divorced,Sales,Manager,Life Sciences,1,4,21304,15,0,4,4,3,2,4,Travel_Frequently,Yes,32,24,7,15,7,1,15,Yes
918,52,Male,Married,Sales,Sales Executive,Medical,5,1,17098,17,2,3,3,4,4,4,Travel_Frequently,Yes,4,38,1,3,9,5,15,No
919,58,Male,Married,Human Resources,Manager,Marketing,1,1,25085,14,1,3,2,2,4,4,Non-Travel,No,0,13,4,2,7,3,7,No
920,24,Female,Single,Research & Development,Manufacturing Director,Life Sciences,5,4,15171,20,2,3,3,3,3,4,Travel_Frequently,Yes,38,16,0,5,2,4,18,No
921,57,Male,Married,Research & Development,Healthcare Representative,Marketing,5,4,16209,13,2,3,3,2,2,2,Travel_Frequently,Yes,27,32,17,3,1,6,13,No
922,20,Male,Divorced,Research & Development,Healthcare Representative,Technical Degree,4,3,10209,19,0,3,2,3,2,4,Non-Travel,Yes,28,12,0,13,4,0,8,No
923,18,Male,Single,Research & Development,Manufacturing Director,Medical,4,2,27692,16,0,3,4,1,4,3,Travel_Frequently,No,10,39,7,2,9,0,24,No
924,47,Male,Single,Research & Development,Research Director,Human Resources,3,1,23198,20,0,3,1,4,4,2,Travel_Rarely,Yes,35,8,1,0,9,3,23,No
925,58,Male,Single,Research & Development,Research Scientist,Marketing,5,4,7679,14,0,3,1,4,2,4,Travel_Frequently,No,9,9,2,4,0,2,27,Yes
926,31,Male,Single,Research & Development,Manager,Technical Degree,1,4,15236,14,0,3,3,3,2,3,Non-Travel,Yes,10,11,0,2,0,0,20,Yes
927,43,Male,Single,Research & Development,Laboratory Technician,Life Sciences,3,4,8244,18,1,3,4,1,1,2,Travel_Frequently,No,21,26,18,0,0,6,15,No
928,23,Male,Single,Sales,Sales Representative,Technical Degree,5,1,5868,22,1,4,4,3,1,3,Travel_Frequently,Yes,11,12,1,0,4,2,28,Yes
929,44,Male,Divorced,Human Resources,Manager,Marketing,3,2,22226,17,0,4,4,4,2,4,Travel_Rarely,Yes,18,7,2,2,5,1,3,No
930,27,Female,Single,Research & Development,Research Scientist,Other,1,5,9388,15,0,3,2,4,4,3,Travel_Frequently,Yes,11,21,12,0,3,5,6,No
931,40,Female,Married,Research & Development,Manager,Marketing,5,1,18526,21,0,4,1,4,4,3,Travel_Frequently,Yes,34,20,11,3,6,0,5,No
932,60,Male,Single,Sales,Manager,Technical Degree,3,5,24795,23,1,3,2,3,4,3,Non-Travel,Yes,32,7,6,2,3,3,13,No
933,50,Female,Divorced,Human Resources,Human Resources,Life Sciences,5,1,13297,20,0,3,2,4,3,2,Travel_Rarely,Yes,27,33,9,1,0,3,19,No
934,30,Male,Single,Research & Development,Manufacturing Director,Marketing,5,4,21019,15,0,4,3,3,3,2,Travel_Rarely,No,36,25,16,13,5,2,14,No
935,18,Female,Divorced,Sales,Manager,Life Sciences,3,3,16938,11,2,3,1,1,2,1,Non-Travel,No,35,10,8,6,3,6,10,No
936,47,Male,Divorced,Research & Development,Research Director,Life Sciences,1,5,18267,24,2,3,3,4,3,3,Travel_Rarely,Yes,15,15,4,15,3,3,24,Yes
937,52,Female,Single,Research & Development,Manager,Marketing,3,5,20184,24,3,4,4,4,3,3,Non-Travel,No,30,36,8,12,3,0,2,Yes
938,55,Male,Single,Sales,Manager,Technical Degree,1,1,30807,19,2,3,2,3,2,3,Travel_Frequently,Yes,23,32,8,10,8,1,25,No
939,27,Male,Single,Research & Development,Healthcare Representative,Medical,3,4,6068,17,0,3,2,4,2,3,Non-Travel,Yes,16,1,1,2,4,6,13,Yes
940,21,Female,Divorced,Research & Development,Laboratory Technician,Human Resources,1,5,4983,13,3,3,1,3,2,3,Non-Travel,Yes,18,6,0,2,6,1,2,No
941,22,Male,Married,Research & Development,Manufacturing Director,Medical,4,3,19577,13,3,3,2,4,3,1,Travel_Rarely,Yes,18,31,2,5,9,0,25,No
942,53,Female,Single,Research & Development,Laboratory Technician,Marketing,5,1,7930,15,1,4,1,1,2,1,Travel_Frequently,Yes,29,21,5,7,0,2,14,No
943,23,Female,Single,Research & Development,Research Scientist,Medical,2,2,8412,20,1,4,3,3,3,3,Travel_Frequently,Yes,8,8,0,4,8,5,12,Yes
944,45,Male,Married,Sales,Manager,Marketing,2,2,28729,18,0,3,4,3,2,3,Non-Travel,No,1,27,3,2,5,1,1,No
945,58,Female,Married,Research & Development,Manager,Life Sciences,4,4,17981,19,0,4,4,4,3,4,Travel_Rarely,Yes,8,13,13,7,2,3,15,No
946,44,Male,Single,Human Resources,Manager,Human Resources,4,4,17690,24,1,3,4,4,4,4,Travel_Frequently,Yes,18,24,15,14,1,5,6,Yes
947,31,Male,Divorced,Research & Development,Manager,Marketing,2,2,19095,14,0,3,1,2,3,1,Travel_Rarely,No,26,23,12,4,1,1,3,No
948,45,Male,Married,Research & Development,Manager,Technical Degree,3,3,27425,21,2,3,3,1,4,4,Travel_Rarely,No,31,16,6,2,8,1,15,No
949,45,Male,Married,Sales,Manager,Marketing,5,4,26692,19,0,3,2,2,3,4,Non-Travel,Yes,22,14,3,3,0,1,3,No
950,37,Male,Single,Sales,Sales Representative,Technical Degree,1,3,5994,20,1,3,3,1,2,4,Non-Travel,Yes,31,12,2,1,8,3,2,No
951,28,Female,Married,Human Resources,Human Resources,Life Sciences,1,2,6001,15,3,3,4,1,2,2,Non-Travel,Yes,31,3,0,4,7,6,21,Yes
952,24,Male,Married,Research & Development,Research Scientist,Human Resources,3,4,14868,24,1,4,4,4,4,3,Travel_Rarely,Yes,4,40,6,14,5,1,11,No
953,25,Male,Divorced,Research & Development,Manager,Medical,4,5,15185,23,0,3,3,1,2,3,Non-Travel,No,27,1,0,2,8,0,25,No
954,26,Male,Divorced,Research & Development,Laboratory Technician,Life Sciences,5,2,6994,18,0,3,3,3,4,3,Non-Travel,No,6,12,0,2,4,4,1,No
955,53,Male,Single,Research & Development,Manager,Marketing,2,2,22689,14,2,4,4,2,3,4,Non-Travel,Yes,25,23,18,1,6,4,22,Yes
956,40,Male,Married,Research & Development,Manufacturing Director,Technical Degree,5,1,20322,14,1,4,2,4,3,4,Travel_Rarely,No,9,29,2,10,0,5,4,No
957,27,Female,Single,Research & Development,Healthcare Representative,Other,5,3,12774,25,2,3,1,2,3,4,Travel_Rarely,Yes,7,24,17,7,9,1,10,Yes
958,50,Female,Divorced,Research & Development,Healthcare Representative,Life Sciences,3,2,6296,11,0,3,2,1,1,3,Travel_Rarely,No,23,4,5,4,6,5,10,No
959,32,Male,Single,Research & Development,Laboratory Technician,Life Sciences,3,4,10599,17,0,4,4,3,2,4,Non-Travel,Yes,37,39,13,3,5,3,8,Yes
960,25,Male,Married,Research & Development,Healthcare Representative,Human Resources,3,5,10724,18,1,3,3,2,1,3,Travel_Frequently,No,40,8,0,9,7,1,8,No
961,27,Male,Married,Research & Development,Research Scientist,Medical,1,3,8066,12,0,3,4,2,3,4,Non-Travel,No,29,18,3,11,6,6,9,No
962,52,Female,Single,Research & Development,Research Director,Human Resources,1,2,22037,25,0,3,3,4,3,3,Travel_Rarely,No,20,14,14,5,6,0,6,No
963,34,Female,Married,Research & Development,Healthcare Representative,Life Sciences,4,4,11538,17,0,3,3,3,3,3,Travel_Rarely,Yes,13,25,4,15,1,6,27,No
964,31,Male,Divorced,Research & Development,Healthcare Representative,Human Resources,4,5,14293,24,1,3,4,4,3,4,Travel_Frequently,Yes,16,35,16,12,9,5,8,No
965,39,Male,Single,Sales,Manager,Other,1,3,21030,20,2,3,4,2,2,1,Travel_Frequently,Yes,12,23,10,13,7,0,24,Yes
966,47,Female,Married,Research & Development,Manufacturing Director,Medical,5,3,20434,13,2,3,4,4,3,4,Travel_Rarely,Yes,8,31,14,6,2,0,23,No
967,27,Male,Married,Sales,Manager,Technical Degree,1,4,27917,13,0,3,1,3,4,3,Travel_Frequently,No,7,30,9,8,8,3,19,No
968,41,Female,Single,Research & Development,Research Scientist,Medical,1,2,7550,22,0,4,4,3,4,3,Non-Travel,Yes,6,11,4,2,6,2,16,No
969,45,Male,Single,Research & Development,Research Scientist,Medical,4,1,13261,25,0,3,1,1,1,3,Travel_Frequently,Yes,13,34,5,13,7,1,9,No
970,54,Male,Single,Human Resources,Manager,Medical,5,1,21619,19,0,3,4,4,4,4,Travel_Frequently,No,20,14,8,1,2,2,20,No
971,38,Male,Single,Research & Development,Manufacturing Director,Technical Degree,2,5,18668,24,0,4,3,1,2,3,Non-Travel,Yes,22,6,0,4,9,6,14,No
972,44,Male,Married,Sales,Sales Representative,Medical,5,4,9957,15,1,3,3,3,3,3,Travel_Rarely,Yes,0,28,16,13,4,6,1,No
973,41,Female,Divorced,Research & Development,Research Director,Human Resources,2,5,25990,11,0,3,4,4,1,4,Travel_Rarely,Yes,19,26,7,1,4,2,18,No
974,55,Female,Single,Research & Development,Research Scientist,Medical,3,1,7811,11,0,3,2,3,2,3,Travel_Rarely,Yes,3,14,3,7,5,2,11,Yes
975,20,Male,Divorced,Research & Development,Manager,Medical,2,2,15947,25,0,4,4,3,3,2,Non-Travel,No,27,14,4,0,8,0,12,No
976,52,Male,Married,Research & Development,Manager,Technical Degree,3,5,18893,17,0,4,1,3,4,2,Travel_Frequently,Yes,3,14,3,4,3,3,13,Yes
977,47,Female,Single,Sales,Sales Representative,Marketing,1,5,7388,14,3,3,3,4,2,2,Travel_Rarely,No,8,19,5,12,7,0,23,Yes
978,41,Female,Married,Sales,Sales Representative,Human Resources,4,3,5165,17,0,4,4,4,2,4,Travel_Frequently,No,27,14,3,14,3,0,1,Yes
979,60,Female,Married,Research & Development,Laboratory Technician,Life Sciences,3,2,10391,24,0,3,4,1,3,2,Travel_Rarely,Yes,8,34,3,3,4,1,22,Yes
980,46,Male,Married,Research & Development,Manufacturing Director,Other,3,2,22966,13,3,3,4,2,3,4,Travel_Rarely,No,40,31,10,3,9,1,24,No
981,37,Male,Divorced,Human Resources,Human Resources,Medical,2,2,11303,20,1,3,3,3,1,3,Travel_Frequently,No,39,34,1,5,5,3,23,No
982,45,Male,Divorced,Research & Development,Healthcare Representative,Other,5,2,12697,23,0,3,1,4,3,2,Non-Travel,No,11,17,0,8,6,3,5,No
983,41,Male,Married,Research & Development,Laboratory Technician,Medical,5,2,6455,13,0,3,4,4,4,3,Non-Travel,No,22,19,12,5,4,3,6,No
984,55,Male,Single,Research & Development,Laboratory Technician,Marketing,5,5,5780,13,1,3,4,3,3,3,Travel_Rarely,Yes,25,16,5,14,0,1,14,Yes
985,39,Male,Single,Research & Development,Healthcare Representative,Life Sciences,1,2,9672,20,0,3,4,1,3,2,Travel_Rarely,Yes,23,3,1,4,9,1,5,No
986,23,Male,Divorced,Sales,Sales Representative,Human Resources,2,4,4364,18,1,3,4,2,2,2,Travel_Rarely,Yes,26,5,6,6,0,3,14,Yes
987,36,Male,Single,Research & Development,Research Director,Medical,2,3,22860,17,0,3,4,3,3,4,Travel_Frequently,Yes,7,13,3,13,3,6,14,No
988,57,Female,Married,Sales,Manager,Technical Degree,3,3,21494,25,2,3,2,4,1,3,Travel_Frequently,Yes,29,16,15,12,8,2,16,No
989,45,Female,Divorced,Human Resources,Human Resources,Life Sciences,4,3,6806,24,0,3,4,3,3,4,Travel_Rarely,Yes,31,13,9,9,9,1,6,No
990,20,Male,Married,Sales,Sales Executive,Medical,3,3,10868,17,2,3,2,3,2,3,Travel_Frequently,No,16,10,7,9,0,1,12,Yes
991,41,Male,Divorced,Research & Development,Manufacturing Director,Medical,5,4,21693,22,1,3,3,1,4,4,Travel_Frequently,Yes,38,14,10,7,8,6,11,Yes
992,48,Female,Single,Research & Development,Healthcare Representative,Life Sciences,5,2,12297,18,1,3,2,3,3,3,Travel_Frequently,No,40,17,13,3,4,1,15,No
993,34,Male,Married,Research & Development,Manufacturing Director,Other,3,4,16757,15,2,4,2,2,1,4,Non-Travel,Yes,14,17,12,2,5,5,10,No
994,51,Male,Single,Research & Development,Research Scientist,Other,2,5,11159,24,0,3,4,3,3,1,Non-Travel,Yes,29,23,17,12,0,2,8,Yes
995,20,Male,Married,Research & Development,Research Director,Medical,2,1,20531,17,1,3,4,2,2,4,Travel_Rarely,No,30,21,3,4,2,5,6,No
996,54,Male,Married,Research & Development,Research Director,Marketing,5,1,16498,17,1,3,4,3,3,3,Non-Travel,No,10,17,16,15,6,0,24,No
997,38,Female,Single,Research & Development,Manager,Life Sciences,3,5,24645,17,2,3,4,3,3,3,Non-Travel,Yes,28,1,0,1,6,1,6,No
998,43,Male,Married,Research & Development,Research Scientist,Medical,5,5,6689,12,1,3,3,3,4,2,Travel_Rarely,Yes,7,10,8,2,6,5,11,No
999,32,Male,Divorced,Human Resources,Human Resources,Marketing,2,4,12382,20,0,3,1,4,3,3,Travel_Rarely,No,15,29,2,7,5,2,22,No
1000,25,Male,Married,Human Resources,Human Resources,Life Sciences,5,3,8480,24,1,3,3,3,3,4,Travel_Frequently,Yes,33,18,5,8,3,4,17,No
1001,60,Male,Divorced,Research & Development,Healthcare Representative,Technical Degree,4,5,9221,24,3,3,4,3,3,3,Non-Travel,Yes,14,15,3,10,8,4,28,No
1002,24,Female,Divorced,Research & Development,Research Scientist,Life Sciences,3,1,11160,14,3,3,3,1,2,1,Non-Travel,Yes,38,24,4,13,4,0,15,No
1003,19,Male,Single,Research & Development,Laboratory Technician,Medical,5,4,10895,19,0,4,3,2,1,3,Non-Travel,No,33,32,10,0,0,3,5,Yes
1004,55,Male,Married,Research & Development,Manager,Life Sciences,4,5,26285,21,0,3,4,4,2,4,Non-Travel,No,10,21,15,12,6,1,1,Yes
1005,26,Male,Divorced,Research & Development,Manufacturing Director,Other,3,3,19168,15,0,3,2,3,2,3,Travel_Rarely,Yes,16,1,1,2,7,0,3,No
1006,36,Male,Single,Sales,Manager,Medical,2,4,22949,16,0,3,2,4,3,3,Travel_Frequently,No,25,9,0,3,9,3,21,No
1007,26,Male,Married,Research & Development,Research Scientist,Technical Degree,3,5,10580,23,0,3,2,3,3,3,Non-Travel,Yes,17,18,0,7,6,6,23,Yes
1008,52,Male,Married,Sales,Manager,Other,4,4,25377,13,3,4,1,2,4,1,Non-Travel,No,25,9,7,9,9,4,14,No
1009,26,Male,Divorced,Sales,Sales Executive,Marketing,2,5,10692,19,0,3,3,3,3,3,Travel_Frequently,Yes,0,23,12,13,6,0,15,Yes
1010,29,Female,Divorced,Human Resources,Manager,Other,5,2,21390,14,0,3,4,3,3,4,Non-Travel,Yes,35,12,8,7,7,3,20,No
1011,18,Female,Single,Sales,Sales Representative,Life Sciences,3,2,6547,20,1,3,1,4,2,2,Travel_Rarely,No,8,19,12,0,0,0,29,No
1012,21,Male,Divorced,Sales,Sales Representative,Other,2,1,10272,24,0,4,4,1,2,3,Non-Travel,Yes,1,29,6,15,5,1,29,No
1013,48,Male,Divorced,Research & Development,Manufacturing Director,Medical,2,3,22012,25,0,3,1,4,3,2,Travel_Frequently,No,33,8,2,3,5,6,8,No
1014,45,Female,Married,Sales,Sales Representative,Human Resources,1,3,7738,17,1,4,3,1,4,3,Non-Travel,No,15,27,0,14,9,3,14,Yes
1015,45,Male,Divorced,Sales,Manager,Medical,3,4,28946,15,0,3,2,2,3,1,Non-Travel,No,12,36,15,10,6,0,1,No
1016,49,Female,Single,Sales,Sales Representative,Other,2,1,6731,13,1,3,3,4,1,3,Travel_Frequently,Yes,4,12,9,3,8,3,7,Yes
1017,30,Female,Married,Sales,Sales Executive,Marketing,4,4,9555,11,0,4,4,3,4,2,Travel_Frequently,No,14,19,10,2,0,5,27,No
1018,22,Female,Divorced,Research & Development,Healthcare Representative,Other,2,5,15831,20,0,3,1,3,3,4,Travel_Rarely,No,2,38,2,11,8,0,12,Yes
1019,23,Male,Married,Research & Development,Manager,Other,1,4,25622,11,1,3,2,1,4,3,Travel_Frequently,No,37,6,3,0,4,2,29,No
1020,35,Female,Divorced,Research & Development,Manufacturing Director,Life Sciences,2,5,11056,17,0,3,4,4,2,4,Non-Travel,Yes,15,1,2,1,8,4,13,Yes
1021,58,Female,Single,Research & Development,Healthcare Representative,Marketing,1,4,9111,15,1,3,3,2,3,2,Travel_Rarely,No,15,1,1,2,6,1,7,No
1022,56,Female,Divorced,Sales,Sales Executive,Technical Degree,1,5,12124,22,3,3,2,4,4,1,Non-Travel,Yes,10,29,1,3,9,5,20,No
1023,58,Male,Divorced,Sales,Manager,Life Sciences,3,5,28136,15,1,3,4,3,1,4,Travel_Rarely,Yes,15,18,5,3,1,4,21,No
1024,47,Female,Married,Research & Development,Healthcare Representative,Marketing,3,3,12348,18,1,4,1,1,3,3,Non-Travel,Yes,8,10,10,3,1,3,25,No
1025,22,Male,Married,Sales,Sales Representative,Technical Degree,4,2,12174,24,0,3,3,4,3,3,Non-Travel,No,0,39,11,7,0,1,24,No
1026,52,Male,Married,Research & Development,Manager,Technical Degree,1,3,22596,25,2,3,1,1,3,3,Non-Travel,Yes,27,19,0,11,0,1,24,Yes
1027,23,Male,Divorced,Research & Development,Manager,Life Sciences,5,1,31741,13,0,3,3,3,4,2,Non-Travel,Yes,8,40,0,8,5,1,23,Yes
1028,41,Male,Single,Sales,Sales Representative,Human Resources,5,4,11350,11,0,4,3,3,3,4,Travel_Rarely,Yes,31,36,9,10,4,6,9,No
1029,20,Male,Married,Human Resources,Human Resources,Life Sciences,1,5,8451,11,1,3,2,3,3,3,Non-Travel,No,40,20,11,6,4,6,28,No
1030,43,Female,Married,Sales,Sales Representative,Life Sciences,3,4,9115,17,0,4,2,3,2,4,Non-Travel,Yes,8,25,9,13,0,3,1,Yes
1031,27,Male,Single,Sales,Manager,Human Resources,3,1,18421,12,0,3,4,1,3,3,Travel_Rarely,No,40,26,2,13,7,6,4,No
1032,40,Male,Single,Research & Development,Research Scientist,Human Resources,3,3,13184,18,1,3,3,3,1,3,Travel_Rarely,No,23,33,6,3,5,5,15,No
1033,47,Female,Divorced,Research & Development,Healthcare Representative,Marketing,4,5,7857,14,0,3,3,2,3,2,Non-Travel,No,20,7,7,4,8,3,13,No
1034,41,Female,Divorced,Research & Development,Research Scientist,Life Sciences,5,3,10422,14,2,3,1,1,2,2,Travel_Rarely,No,1,29,11,13,7,1,7,No
1035,56,Male,Divorced,Sales,Sales Executive,Human Resources,2,3,11250,14,2,3,2,4,3,4,Travel_Rarely,No,29,30,12,5,4,1,15,No
1036,57,Male,Divorced,Research & Development,Laboratory Technician,Medical,1,5,6071,12,0,4,2,1,3,3,Travel_Frequently,Yes,14,10,2,8,4,2,5,Yes
1037,49,Male,Single,Sales,Sales Representative,Life Sciences,3,3,3814,22,0,4,3,1,3,4,Non-Travel,No,20,4,3,4,9,4,3,Yes
1038,25,Male,Single,Sales,Sales Executive,Technical Degree,2,2,8608,18,0,3,1,2,4,1,Travel_Frequently,Yes,32,1,2,0,6,3,10,Yes
1039,46,Male,Married,Research & Development,Research Scientist,Human Resources,5,3,4394,13,1,3,2,4,3,3,Travel_Rarely,Yes,19,0,0,0,7,2,1,Yes
1040,48,Male,Single,Research & Development,Research Director,Technical Degree,2,1,20383,24,0,3,3,2,3,3,Travel_Frequently,No,22,23,12,8,6,5,3,No
1041,35,Female,Single,Sales,Sales Representative,Human Resources,4,5,7463,24,1,3,3,4,3,4,Travel_Rarely,Yes,16,20,16,13,0,4,24,No
1042,38,Female,Single,Research & Development,Healthcare Representative,Technical Degree,3,2,9401,13,0,3,4,3,3,4,Non-Travel,Yes,6,0,0,0,2,5,18,No
1043,59,Male,Divorced,Research & Development,Manufacturing Director,Marketing,1,1,14646,22,0,3,3,3,4,4,Travel_Frequently,No,10,4,1,1,9,4,23,No
1044,37,Female,Married,Human Resources,Manager,Other,4,1,22930,24,1,3,4,2,4,4,Travel_Rarely,No,13,11,7,8,8,5,16,No
1045,52,Male,Divorced,Sales,Manager,Other,3,5,27646,21,0,3,1,4,3,3,Travel_Frequently,Yes,34,18,8,12,0,6,22,No
1046,46,Female,Single,Research & Development,Research Director,Technical Degree,2,2,27190,17,2,3,2,3,4,3,Travel_Frequently,Yes,9,39,13,2,6,3,5,No
1047,38,Male,Divorced,Sales,Sales Representative,Other,5,4,7174,16,0,3,4,4,3,3,Non-Travel,No,11,22,8,15,6,2,1,No
1048,51,Male,Divorced,Sales,Sales Representative,Life Sciences,4,4,7904,16,0,3,2,2,4,2,Travel_Frequently,Yes,19,28,8,2,8,4,20,Yes
1049,18,Female,Divorced,Research & Development,Healthcare Representative,Life Sciences,5,2,11618,24,0,3,4,1,4,1,Travel_Rarely,No,1,9,3,6,3,0,29,No
1050,27,Male,Single,Research & Development,Healthcare Representative,Other,5,2,7961,11,3,3,3,2,3,1,Travel_Rarely,No,17,13,10,9,0,4,25,No
1051,56,Male,Married,Research & Development,Research Scientist,Medical,5,3,13733,12,0,3,3,2,4,1,Non-Travel,Yes,20,30,1,14,3,2,25,No
1052,49,Female,Divorced,Research & Development,Manager,Medical,5,3,23293,21,0,3,4,4,4,4,Travel_Rarely,No,2,19,4,13,0,1,23,No
1053,27,Male,Divorced,Research & Development,Healthcare Representative,Life Sciences,4,2,10580,24,0,3,4,1,4,4,Travel_Frequently,Yes,29,2,3,2,8,3,15,Yes
1054,25,Male,Married,Research & Development,Healthcare Representative,Other,2,5,13243,16,2,3,1,3,4,3,Non-Travel,Yes,17,19,3,13,2,1,21,Yes
1055,45,Male,Married,Research & Development,Laboratory Technician,Technical Degree,3,5,4995,14,0,4,4,2,3,1,Non-Travel,No,25,1,0,2,3,5,21,No
1056,41,Male,Married,Human Resources,Human Resources,Technical Degree,3,3,5558,20,0,3,4,3,3,1,Travel_Rarely,Yes,26,5,1,1,2,3,24,No
1057,48,Male,Single,Sales,Manager,Other,5,1,23931,11,1,3,3,4,3,3,Non-Travel,Yes,17,7,8,7,0,5,29,No
1058,46,Male,Married,Research & Development,Research Director,Human Resources,5,1,24223,24,2,3,2,3,2,1,Non-Travel,No,28,37,6,14,8,0,12,No
1059,49,Female,Divorced,Research & Development,Healthcare Representative,Medical,5,3,15369,19,1,3,1,3,3,4,Travel_Frequently,No,1,38,15,12,1,1,8,Yes
1060,24,Male,Divorced,Research & Development,Manager,Life Sciences,5,5,22950,12,0,3,1,4,3,3,Non-Travel,Yes,24,11,10,12,1,4,25,No
1061,59,Male,Divorced,Sales,Sales Executive,Human Resources,2,2,15334,18,2,3,1,2,3,3,Non-Travel,Yes,14,31,7,8,8,5,28,No
1062,56,Male,Single,Research & Development,Healthcare Representative,Human Resources,4,5,16216,23,1,3,4,4,2,3,Travel_Frequently,No,28,29,0,15,7,1,24,No
1063,60,Female,Single,Sales,Sales Executive,Marketing,2,1,11220,19,1,3,1,4,3,2,Non-Travel,No,17,13,11,13,4,2,2,No
1064,52,Female,Married,Research & Development,Manufacturing Director,Other,1,2,17486,25,0,3,1,3,1,1,Travel_Rarely,No,25,13,8,7,1,2,21,No
1065,56,Female,Married,Research & Development,Manufacturing Director,Medical,2,3,15724,23,2,3,4,3,3,3,Travel_Frequently,No,26,4,3,4,4,0,25,No
1066,45,Female,Single,Human Resources,Manager,Human Resources,2,1,25954,16,1,3,4,3,1,4,Travel_Rarely,No,38,19,4,14,3,0,17,No
1067,31,Female,Divorced,Research & Development,Manufacturing Director,Other,2,2,13407,14,0,3,1,4,4,4,Travel_Frequently,No,4,2,2,2,8,1,19,No
1068,19,Female,Married,Research & Development,Research Director,Marketing,5,3,19125,19,0,3,4,3,2,3,Travel_Frequently,No,39,29,3,13,1,3,1,No
1069,28,Female,Divorced,Research & Development,Laboratory Technician,Life Sciences,2,3,4051,24,0,3,3,4,1,1,Non-Travel,Yes,37,4,2,4,3,5,16,No
1070,19,Female,Divorced,Research & Development,Healthcare Representative,Medical,2,1,8358,23,0,4,3,3,3,4,Travel_Rarely,No,1,8,9,9,6,5,27,No
1071,30,Male,Divorced,Sales,Manager,Life Sciences,1,2,21727,16,1,4,3,2,3,4,Non-Travel,No,2,26,4,4,2,5,23,No
1072,57,Male,Divorced,Human Resources,Manager,Technical Degree,4,3,23128,20,1,3,3,4,1,3,Travel_Rarely,No,20,37,4,9,4,6,13,No
1073,19,Male,Single,Sales,Sales Representative,Marketing,4,3,10144,13,2,3,2,1,2,3,Travel_Frequently,No,15,39,15,4,6,1,3,Yes
1074,59,Male,Divorced,Research & Development,Healthcare Representative,Technical Degree,4,3,10143,23,0,3,4,1,3,4,Travel_Frequently,Yes,35,24,10,0,2,5,26,No
1075,31,Male,Divorced,Research & Development,Research Scientist,Human Resources,2,5,11599,11,0,3,4,4,4,1,Travel_Frequently,No,23,17,8,12,1,2,22,No
1076,30,Male,Divorced,Research & Development,Manufacturing Director,Marketing,2,1,16791,13,2,3,3,1,2,3,Non-Travel,No,15,9,7,7,6,3,4,No
1077,51,Male,Divorced,Research & Development,Research Scientist,Medical,5,1,10310,16,0,3,3,2,1,3,Non-Travel,No,26,23,5,3,0,3,26,No
1078,47,Male,Divorced,Research & Development,Manufacturing Director,Technical Degree,1,4,18836,21,1,3,1,2,3,3,Non-Travel,No,37,6,3,3,1,2,9,No
1079,30,Male,Single,Sales,Manager,Marketing,3,1,15532,21,0,3,3,2,1,4,Travel_Rarely,Yes,6,0,1,0,0,3,14,No
1080,38,Female,Single,Research & Development,Research Scientist,Technical Degree,2,2,8843,24,1,3,2,2,3,2,Non-Travel,Yes,2,4,0,2,3,6,19,Yes
1081,29,Male,Single,Sales,Manager,Medical,3,5,23375,15,0,3,3,2,2,3,Travel_Rarely,Yes,23,3,1,4,6,0,26,No
1082,56,Male,Married,Sales,Sales Executive,Human Resources,4,3,8510,23,2,3,2,3,4,1,Non-Travel,No,16,16,16,13,6,1,9,Yes
1083,55,Female,Divorced,Sales,Sales Executive,Medical,3,5,11310,19,1,3,2,3,4,4,Non-Travel,No,22,22,12,2,5,5,6,No
1084,41,Male,Married,Human Resources,Manager,Other,5,1,28158,20,3,3,3,1,1,3,Travel_Frequently,Yes,23,21,7,7,6,6,19,Yes
1085,36,Male,Married,Research & Development,Laboratory Technician,Human Resources,5,4,10267,13,2,4,4,3,4,4,Travel_Frequently,No,15,28,4,9,3,5,25,No
1086,55,Female,Single,Human Resources,Manager,Technical Degree,2,5,20509,25,0,3,2,4,3,3,Travel_Rarely,No,35,9,5,8,6,1,22,No
1087,24,Female,Married,Research & Development,Research Director,Human Resources,1,4,24360,12,0,3,4,4,2,2,Non-Travel,Yes,25,25,16,6,7,0,1,No
1088,31,Male,Single,Sales,Sales Representative,Human Resources,4,4,8625,19,3,3,1,4,1,3,Non-Travel,Yes,17,30,18,6,1,1,4,No
1089,30,Male,Married,Human Resources,Manager,Medical,5,2,32787,17,2,3,4,4,4,2,Travel_Frequently,Yes,12,37,3,14,2,5,19,No
1090,58,Male,Married,Research & Development,Manufacturing Director,Other,4,4,16732,22,0,3,1,3,3,3,Non-Travel,Yes,1,19,13,7,3,2,8,No
1091,24,Female,Single,Research & Development,Research Scientist,Human Resources,5,3,12813,22,1,3,1,1,3,2,Non-Travel,Yes,17,24,8,6,7,5,14,Yes
1092,31,Male,Divorced,Research & Development,Manager,Life Sciences,4,4,24432,20,0,3,3,2,2,3,Travel_Rarely,No,6,17,12,0,4,4,21,Yes
1093,60,Male,Divorced,Research & Development,Manager,Human Resources,5,4,21498,24,0,3,4,4,1,4,Travel_Frequently,Yes,4,5,4,4,0,1,10,No
1094,34,Female,Divorced,Sales,Sales Executive,Medical,3,2,13774,12,0,3,4,3,4,4,Travel_Frequently,No,31,32,18,3,3,4,13,No
1095,48,Female,Single,Sales,Sales Representative,Life Sciences,5,3,3969,25,2,3,4,2,4,4,Travel_Frequently,Yes,0,6,2,1,4,0,4,No
1096,47,Female,Divorced,Sales,Manager,Technical Degree,4,5,23000,16,1,3,2,3,2,3,Travel_Frequently,Yes,15,40,17,2,0,5,16,No
1097,60,Male,Single,Research & Development,Research Scientist,Marketing,1,1,9834,22,0,4,1,2,3,1,Travel_Frequently,Yes,38,24,13,5,6,0,14,No
1098,39,Male,Married,Research & Development,Healthcare Representative,Other,3,3,8228,18,1,3,4,4,2,3,Non-Travel,No,38,10,11,9,4,4,17,No
1099,45,Male,Single,Human Resources,Manager,Other,3,4,27489,18,0,3,3,3,3,3,Non-Travel,Yes,32,24,9,4,2,3,21,Yes
1100,27,Male,Married,Research & Development,Research Director,Life Sciences,4,1,21001,21,0,3,3,4,4,4,Travel_Frequently,No,7,24,7,0,6,4,21,Yes
1101,29,Female,Single,Human Resources,Manager,Technical Degree,4,5,16687,20,0,3,1,4,3,4,Travel_Frequently,Yes,31,16,4,4,0,3,14,Yes
1102,25,Male,Single,Sales,Manager,Medical,5,2,26506,15,0,3,3,3,4,2,Travel_Rarely,Yes,12,7,5,4,0,0,9,Yes
1103,53,Female,Married,Sales,Manager,Marketing,1,3,27418,14,0,3,3,3,4,2,Travel_Rarely,Yes,33,17,18,4,0,6,14,No
1104,60,Male,Divorced,Sales,Manager,Human Resources,1,1,29178,11,2,3,4,2,3,4,Travel_Rarely,No,21,23,7,9,1,4,11,No
1105,50,Male,Divorced,Research & Development,Laboratory Technician,Other,2,5,5987,11,0,3,4,3,2,4,Travel_Frequently,No,14,6,0,6,3,6,12,No
1106,59,Male,Divorced,Research & Development,Manufacturing Director,Other,5,4,12525,15,3,4,3,4,2,3,Non-Travel,Yes,36,1,0,1,5,4,11,No
1107,41,Female,Divorced,Human Resources,Manager,Life Sciences,4,5,25202,17,1,3,3,2,3,4,Travel_Rarely,No,33,37,17,13,0,3,3,No
1108,39,Male,Married,Research & Development,Research Director,Marketing,2,4,26298,17,0,3,3,3,2,1,Travel_Frequently,No,37,26,17,1,2,2,8,No
1109,35,Male,Single,Research & Development,Manufacturing Director,Technical Degree,2,3,20208,23,2,3,3,2,3,2,Non-Travel,No,9,12,4,2,3,2,17,No
1110,35,Female,Divorced,Sales,Sales Executive,Technical Degree,5,1,6625,16,1,3,3,2,2,4,Travel_Rarely,No,1,5,3,1,7,4,26,No
1111,35,Male,Single,Research & Development,Laboratory Technician,Human Resources,3,3,6357,13,3,4,3,3,1,3,Travel_Rarely,Yes,8,10,8,6,3,0,9,No
1112,56,Male,Divorced,Sales,Sales Executive,Marketing,2,5,11369,13,2,3,3,1,4,3,Non-Travel,Yes,11,27,3,11,3,4,6,No
1113,56,Female,Married,Research & Development,Research Director,Life Sciences,2,1,17285,24,0,3,3,1,4,3,Travel_Rarely,Yes,22,13,0,2,2,0,14,No
1114,21,Male,Married,Sales,Manager,Human Resources,1,1,20796,11,1,3,3,3,3,3,Travel_Rarely,Yes,6,6,6,2,2,6,11,No
1115,35,Male,Divorced,Research & Development,Manager,Human Resources,2,2,26509,11,0,3,1,4,3,4,Travel_Frequently,No,8,31,7,2,6,5,21,Yes
1116,22,Female,Married,Research & Development,Manufacturing Director,Life Sciences,5,3,20190,23,0,3,2,4,2,2,Non-Travel,Yes,5,18,14,15,6,3,23,Yes
1117,40,Male,Single,Research & Development,Research Scientist,Human Resources,1,3,6702,18,1,3,3,1,3,4,Travel_Frequently,Yes,3,11,2,2,3,0,22,Yes
1118,58,Male,Divorced,Sales,Sales Representative,Medical,2,2,11224,14,1,3,3,3,3,2,Travel_Frequently,No,8,35,12,9,8,2,14,No
1119,23,Female,Single,Sales,Sales Representative,Medical,4,3,3847,23,3,3,2,3,2,4,Travel_Frequently,Yes,9,5,6,1,1,1,5,Yes
1120,56,Female,Single,Sales,Sales Representative,Human Resources,3,1,10541,18,1,3,3,4,3,3,Non-Travel,Yes,36,40,2,10,3,4,5,No
1121,35,Male,Divorced,Sales,Sales Executive,Technical Degree,2,3,9407,12,2,3,4,4,4,3,Travel_Rarely,No,22,1,0,0,7,6,12,No
1122,42,Male,Married,Research & Development,Healthcare Representative,Marketing,5,3,18067,22,0,3,3,3,3,3,Non-Travel,No,20,39,0,13,9,1,19,No
1123,52,Female,Single,Research & Development,Research Director,Technical Degree,4,2,26545,20,3,3,4,4,2,3,Non-Travel,No,37,21,6,8,4,6,5,No
1124,25,Male,Single,Sales,Manager,Technical Degree,4,5,26871,24,1,4,3,3,4,4,Travel_Frequently,Yes,18,19,11,15,9,3,28,Yes
1125,25,Female,Single,Research & Development,Healthcare Representative,Medical,1,3,15290,18,1,4,2,4,3,4,Travel_Frequently,Yes,15,33,6,14,2,5,2,Yes
1126,38,Male,Divorced,Human Resources,Manager,Other,2,2,20573,24,2,4,4,3,3,2,Travel_Frequently,No,7,4,0,1,2,0,27,Yes
1127,51,Female,Married,Human Resources,Human Resources,Technical Degree,4,5,7268,17,0,3,3,2,2,4,Travel_Frequently,Yes,34,18,12,15,1,5,7,Yes
1128,58,Female,Divorced,Research & Development,Healthcare Representative,Technical Degree,3,5,10594,22,2,3,3,2,2,3,Travel_Frequently,Yes,23,16,2,6,5,0,27,Yes
1129,22,Male,Married,Research & Development,Research Scientist,Other,1,5,6862,25,0,4,4,4,2,3,Travel_Rarely,No,2,6,4,4,1,0,10,No
1130,22,Male,Single,Sales,Sales Executive,Other,1,3,10541,19,1,3,3,3,4,3,Travel_Frequently,Yes,3,22,6,1,9,5,1,No
1131,51,Female,Married,Sales,Sales Representative,Human Resources,1,2,7877,25,1,4,3,1,3,4,Travel_Frequently,No,33,20,17,6,7,5,4,Yes
1132,41,Male,Married,Research & Development,Research Scientist,Technical Degree,4,3,12770,20,1,3,4,3,3,2,Non-Travel,Yes,4,33,15,1,5,6,1,Yes
1133,31,Male,Single,Research & Development,Manufacturing Director,Medical,5,3,15950,14,0,3,2,2,3,3,Non-Travel,No,32,23,5,9,2,3,13,No
1134,47,Male,Married,Research & Development,Research Scientist,Technical Degree,5,2,11033,11,2,3,2,1,1,4,Non-Travel,No,21,30,6,5,7,1,16,No
1135,55,Female,Single,Research & Development,Research Director,Medical,3,2,27199,24,1,4,4,3,2,4,Travel_Frequently,No,0,35,17,14,3,0,18,No
1136,26,Female,Divorced,Human Resources,Manager,Technical Degree,4,1,13720,12,2,3,3,2,4,2,Travel_Rarely,Yes,30,0,1,0,0,6,20,No
1137,23,Female,Married,Sales,Sales Representative,Technical Degree,2,1,5965,16,1,3,1,4,4,4,Non-Travel,Yes,30,9,1,9,6,0,22,Yes
1138,48,Male,Married,Research & Development,Manager,Marketing,1,5,20263,20,1,3,3,4,3,2,Travel_Frequently,No,17,6,0,0,9,5,12,No
1139,26,Male,Divorced,Sales,Sales Representative,Life Sciences,5,1,8131,23,0,4,3,4,3,3,Travel_Frequently,Yes,23,24,9,15,3,3,2,No
1140,49,Male,Single,Research & Development,Healthcare Representative,Medical,4,1,16360,11,1,3,3,3,1,3,Travel_Frequently,Yes,13,40,8,14,5,4,15,Yes
1141,32,Female,Married,Research & Development,Laboratory Technician,Life Sciences,3,5,8379,17,1,3,2,2,3,2,Travel_Rarely,No,32,20,13,12,4,5,27,No
1142,19,Male,Divorced,Sales,Sales Executive,Marketing,2,5,9170,13,0,3,1,2,4,4,Travel_Frequently,Yes,10,13,11,7,2,2,1,No
1143,60,Male,Single,Sales,Sales Executive,Life Sciences,3,1,9980,20,0,3,1,2,3,4,Travel_Rarely,No,31,9,1,6,3,5,2,No
1144,30,Female,Single,Research & Development,Manager,Medical,1,1,22963,25,0,3,2,3,3,3,Non-Travel,No,38,15,7,2,8,3,17,No
1145,37,Male,Single,Sales,Sales Executive,Marketing,5,5,12976,23,0,3,4,3,2,2,Non-Travel,No,16,34,7,14,6,3,3,No
1146,43,Female,Single,Sales,Sales Representative,Technical Degree,5,1,6226,16,2,4,3,3,3,4,Non-Travel,Yes,16,10,7,0,5,5,8,No
1147,20,Female,Divorced,Sales,Sales Executive,Technical Degree,2,5,13162,18,1,3,3,2,4,3,Non-Travel,Yes,7,22,9,4,6,4,8,Yes
1148,40,Male,Married,Research & Development,Research Director,Technical Degree,4,4,20101,24,2,3,4,3,2,4,Travel_Frequently,No,26,1,0,1,8,4,29,No
1149,19,Male,Single,Research & Development,Healthcare Representative,Medical,2,4,10715,17,0,3,4,4,3,1,Non-Travel,No,12,5,3,5,6,0,13,No
1150,28,Male,Divorced,Human Resources,Manager,Medical,3,5,26008,19,0,3,3,3,3,3,Non-Travel,Yes,9,11,6,5,9,6,16,No
1151,53,Female,Divorced,Research & Development,Research Scientist,Other,3,1,9446,23,0,4,4,4,3,3,Non-Travel,Yes,35,12,9,3,9,0,27,No
1152,43,Male,Single,Sales,Sales Representative,Technical Degree,1,1,8533,24,1,3,4,1,3,3,Travel_Frequently,Yes,16,22,8,5,8,3,18,No
1153,40,Male,Divorced,Research & Development,Research Director,Life Sciences,1,1,28369,22,2,3,3,1,1,3,Travel_Rarely,Yes,25,40,1,15,4,1,19,No
1154,43,Male,Single,Research & Development,Research Scientist,Life Sciences,5,1,14530,17,0,3,2,4,4,3,Travel_Rarely,Yes,12,38,0,4,4,6,6,Yes
1155,26,Female,Single,Human Resources,Manager,Marketing,1,3,23837,18,2,3,4,4,3,4,Travel_Frequently,No,19,16,12,11,6,5,25,No
1156,21,Male,Married,Human Resources,Manager,Marketing,3,1,27147,15,0,3,3,3,3,3,Travel_Rarely,No,26,24,11,6,4,4,7,No
1157,32,Male,Single,Research & Development,Manufacturing Director,Technical Degree,3,5,16565,16,0,3,3,3,4,3,Non-Travel,No,23,22,16,15,0,4,29,No
1158,28,Female,Divorced,Research & Development,Laboratory Technician,Other,4,5,9714,22,0,3,4,3,3,4,Travel_Rarely,No,19,26,10,1,5,5,2,No
1159,35,Male,Single,Research & Development,Manufacturing Director,Human Resources,2,5,24654,11,1,3,3,4,3,3,Travel_Rarely,No,9,25,18,10,4,5,26,No
1160,33,Male,Married,Human Resources,Human Resources,Medical,1,3,10473,16,0,3,4,3,1,3,Travel_Rarely,No,21,35,7,2,2,3,20,Yes
1161,32,Female,Single,Sales,Manager,Life Sciences,1,2,26079,14,1,3,4,2,3,4,Travel_Frequently,Yes,25,14,11,5,7,6,9,No
1162,42,Male,Single,Sales,Sales Representative,Human Resources,3,3,4739,15,0,3,4,3,3,3,Non-Travel,No,2,11,12,9,1,4,8,No
1163,48,Female,Single,Research & Development,Research Scientist,Technical Degree,2,4,9307,13,1,3,2,3,3,2,Non-Travel,No,16,19,12,3,2,6,3,No
1164,41,Male,Single,Research & Development,Research Director,Technical Degree,1,5,26322,15,1,3,4,4,4,3,Non-Travel,No,10,27,0,1,6,4,8,No
1165,33,Male,Divorced,Sales,Sales Representative,Technical Degree,1,3,2811,16,0,3,4,3,2,3,Non-Travel,No,9,1,0,2,6,3,8,No
1166,29,Male,Divorced,Research & Development,Research Scientist,Life Sciences,3,2,10099,11,0,3,2,2,2,3,Non-Travel,Yes,2,13,13,10,2,4,6,Yes
1167,24,Female,Married,Research & Development,Laboratory Technician,Life Sciences,1,3,7397,15,1,3,2,3,3,2,Travel_Frequently,No,5,15,16,6,4,1,14,No
1168,32,Female,Divorced,Research & Development,Healthcare Representative,Life Sciences,3,1,8914,17,0,3,4,4,3,4,Travel_Rarely,No,38,5,1,3,5,6,3,No
1169,28,Female,Divorced,Human Resources,Human Resources,Technical Degree,2,5,9796,13,0,3,1,2,3,3,Non-Travel,Yes,4,32,10,14,3,5,15,No
1170,25,Female,Married,Research & Development,Research Director,Marketing,5,5,15644,24,1,3,3,2,3,2,Non-Travel,No,20,1,0,0,2,0,5,Yes
1171,51,Female,Single,Research & Development,Research Director,Medical,5,3,22403,19,0,3,3,1,3,3,Travel_Rarely,No,3,15,8,0,9,6,24,No
1172,44,Male,Divorced,Research & Development,Healthcare Representative,Human Resources,1,1,16201,12,2,3,3,3,2,3,Travel_Rarely,Yes,4,29,1,10,1,1,8,Yes
1173,24,Male,Single,Sales,Sales Executive,Life Sciences,5,2,14755,21,1,4,2,3,2,3,Travel_Rarely,Yes,40,34,13,7,6,6,1,Yes
1174,60,Male,Divorced,Sales,Manager,Human Resources,5,3,17062,21,1,3,3,1,3,1,Travel_Rarely,No,8,5,0,2,1,6,2,No
1175,47,Male,Single,Human Resources,Human Resources,Life Sciences,5,3,6914,12,2,4,3,3,2,2,Travel_Frequently,No,16,7,4,5,4,2,14,Yes
1176,57,Male,Divorced,Research & Development,Laboratory Technician,Medical,4,4,8695,22,1,3,2,4,3,3,Travel_Rarely,Yes,26,25,4,13,3,4,12,No
1177,43,Male,Single,Research & Development,Laboratory Technician,Life Sciences,2,5,9071,24,2,3,4,2,3,4,Travel_Rarely,No,10,24,4,6,4,5,13,No
1178,37,Female,Single,Human Resources,Manager,Life Sciences,1,4,19114,17,2,3,4,2,2,4,Travel_Frequently,Yes,23,25,5,9,8,1,4,Yes
1179,44,Male,Single,Research & Development,Manufacturing Director,Human Resources,4,5,21090,19,3,4,4,2,3,3,Travel_Frequently,No,14,13,0,0,4,4,8,No
1180,59,Male,Married,Research & Development,Manufacturing Director,Other,5,1,18983,21,1,3,3,1,2,3,Travel_Rarely,Yes,14,14,8,2,0,2,2,No
1181,27,Male,Single,Research & Development,Manager,Medical,1,1,32428,19,0,3,1,4,3,4,Travel_Rarely,Yes,3,37,15,10,7,4,20,Yes
1182,51,Male,Divorced,Research & Development,Manager,Medical,2,1,20308,18,0,3,4,4,3,4,Travel_Frequently,No,26,16,11,3,8,4,18,No
1183,45,Male,Divorced,Research & Development,Research Scientist,Technical Degree,2,1,7534,13,1,4,3,3,3,3,Non-Travel,No,11,4,5,3,1,3,20,No
1184,31,Female,Divorced,Research & Development,Research Director,Human Resources,5,5,29384,11,0,4,4,2,3,1,Travel_Rarely,Yes,13,31,0,15,1,3,16,No
1185,28,Female,Single,Research & Development,Manager,Medical,1,4,15456,20,2,3,3,3,4,4,Non-Travel,No,2,7,4,0,3,3,22,No
1186,36,Female,Married,Sales,Sales Representative,Medical,5,5,8958,19,2,3,3,3,3,3,Travel_Rarely,No,13,23,4,4,5,6,29,No
1187,35,Female,Married,Research & Development,Research Director,Marketing,4,4,21054,25,0,4,4,4,3,4,Travel_Rarely,Yes,12,4,3,0,1,5,18,No
1188,56,Male,Divorced,Research & Development,Manufacturing Director,Technical Degree,2,1,14412,20,0,4,3,4,1,3,Travel_Rarely,No,33,16,10,1,9,3,23,No
1189,55,Male,Single,Research & Development,Healthcare Representative,Other,2,3,13630,21,3,4,3,3,3,3,Non-Travel,Yes,4,34,6,6,9,3,7,No
1190,19,Female,Single,Human Resources,Manager,Medical,3,2,27779,21,0,3,3,4,2,3,Non-Travel,No,39,30,16,7,0,3,22,No
1191,33,Male,Divorced,Human Resources,Human Resources,Marketing,2,3,9002,23,3,4,2,2,4,4,Travel_Rarely,Yes,1,27,5,8,3,6,27,No
1192,56,Female,Single,Research & Development,Research Scientist,Technical Degree,3,1,10326,20,2,3,3,3,3,3,Travel_Rarely,No,39,19,17,2,3,3,2,No
1193,26,Female,Divorced,Research & Development,Manager,Technical Degree,1,1,20960,11,1,3,4,3,4,3,Non-Travel,Yes,36,19,18,5,0,5,6,No
1194,42,Male,Divorced,Sales,Sales Representative,Medical,2,5,9047,17,0,3,3,4,4,3,Travel_Frequently,Yes,34,27,6,0,9,6,8,No
1195,26,Male,Single,Research & Development,Healthcare Representative,Other,2,3,8890,17,0,3,3,3,4,3,Travel_Frequently,No,14,17,7,8,3,3,12,No
1196,51,Male,Single,Sales,Manager,Marketing,2,3,28662,14,1,3,3,4,3,4,Non-Travel,No,35,24,10,10,0,3,9,No
1197,54,Female,Divorced,Sales,Sales Executive,Technical Degree,1,2,14020,20,0,4,2,4,4,3,Non-Travel,No,20,22,6,10,9,0,27,No
1198,39,Female,Divorced,Research & Development,Research Director,Human Resources,3,3,24026,13,1,4,2,2,2,3,Non-Travel,Yes,18,2,3,3,8,3,14,Yes
1199,57,Female,Single,Research & Development,Manufacturing Director,Life Sciences,4,5,25771,11,0,3,2,3,1,2,Non-Travel,No,1,37,6,8,7,0,11,No
1200,44,Female,Single,Research & Development,Healthcare Representative,Technical Degree,4,3,11332,15,1,3,4,2,1,3,Travel_Frequently,No,13,27,11,13,9,4,11,No
1201,38,Male,Divorced,Sales,Sales Representative,Medical,3,2,4156,23,1,3,3,4,4,3,Travel_Frequently,Yes,10,1,1,1,1,2,2,Yes
1202,21,Female,Married,Research & Development,Healthcare Representative,Marketing,5,1,8379,21,0,3,3,3,4,3,Travel_Frequently,Yes,15,15,13,1,6,1,11,No
1203,19,Male,Married,Research & Development,Laboratory Technician,Human Resources,2,1,3453,23,0,4,1,4,1,2,Travel_Rarely,No,31,5,3,2,8,3,25,No
1204,42,Male,Divorced,Research & Development,Laboratory Technician,Marketing,2,5,7176,15,0,3,3,3,1,4,Travel_Rarely,No,15,20,7,3,8,0,22,No
1205,32,Male,Divorced,Human Resources,Human Resources,Life Sciences,4,3,9624,15,2,3,3,4,3,2,Travel_Frequently,Yes,26,23,4,12,3,3,15,No
1206,20,Male,Married,Research & Development,Manager,Marketing,5,3,28972,21,0,3,3,2,4,3,Non-Travel,No,21,32,4,11,3,3,24,No
1207,19,Female,Married,Research & Development,Healthcare Representative,Life Sciences,4,4,11837,18,0,3,3,3,3,2,Non-Travel,No,5,15,2,10,7,6,7,Yes
1208,21,Male,Divorced,Research & Development,Laboratory Technician,Life Sciences,4,3,11270,17,0,3,3,2,4,3,Non-Travel,Yes,16,39,10,7,8,6,11,No
1209,41,Male,Divorced,Research & Development,Research Director,Life Sciences,1,1,18283,15,1,4,2,3,2,1,Travel_Rarely,Yes,3,15,7,9,9,6,22,No
1210,22,Female,Divorced,Research & Development,Research Director,Life Sciences,5,1,24965,21,2,3,3,4,4,3,Non-Travel,No,17,5,3,3,1,2,24,No
1211,45,Male,Divorced,Research & Development,Research Director,Technical Degree,5,4,18114,17,1,4,3,4,4,3,Travel_Frequently,No,9,5,5,4,0,5,12,No
1212,43,Male,Divorced,Research & Development,Healthcare Representative,Medical,2,1,11819,22,0,3,4,3,3,4,Travel_Rarely,Yes,1,21,10,8,7,5,8,No
1213,29,Male,Single,Research & Development,Research Director,Marketing,4,3,15763,18,2,3,1,3,1,2,Travel_Rarely,Yes,29,9,8,5,2,2,15,Yes
1214,26,Female,Single,Sales,Sales Representative,Other,2,2,4038,23,1,3,2,4,3,4,Travel_Frequently,Yes,34,0,1,1,4,6,28,No
1215,24,Male,Single,Research & Development,Healthcare Representative,Marketing,2,3,11491,25,3,3,1,3,2,4,Travel_Frequently,Yes,22,13,3,9,8,6,18,Yes
1216,25,Male,Divorced,Research & Development,Laboratory Technician,Other,1,2,9129,19,3,3,3,4,3,4,Non-Travel,Yes,7,31,12,14,5,6,20,No
1217,31,Female,Single,Sales,Manager,Human Resources,1,3,15000,24,0,3,3,4,3,4,Non-Travel,Yes,11,6,4,2,1,5,20,No
1218,47,Male,Divorced,Research & Development,Manufacturing Director,Medical,4,2,20645,15,0,3,4,4,4,2,Non-Travel,Yes,15,15,2,10,5,2,7,Yes
1219,38,Male,Married,Research & Development,Research Scientist,Other,1,1,9624,20,3,3,1,3,1,3,Travel_Frequently,Yes,20,14,10,14,6,5,27,Yes
1220,37,Male,Divorced,Research & Development,Laboratory Technician,Technical Degree,5,5,7055,15,0,3,4,3,3,2,Non-Travel,Yes,39,20,3,0,6,0,23,No
1221,42,Male,Divorced,Research & Development,Manager,Other,1,4,32673,19,0,3,1,4,1,2,Non-Travel,Yes,5,39,15,11,6,1,21,Yes
1222,54,Female,Divorced,Research & Development,Manufacturing Director,Other,1,1,16886,11,0,3,4,3,1,3,Travel_Rarely,No,40,24,11,15,2,6,5,No
1223,21,Male,Divorced,Research & Development,Research Director,Marketing,5,4,19588,22,0,3,2,3,1,4,Non-Travel,No,9,12,9,5,1,2,11,No
1224,20,Female,Single,Sales,Manager,Technical Degree,1,4,28981,11,0,3,3,4,3,4,Non-Travel,Yes,16,21,0,13,5,6,10,No
1225,46,Male,Single,Research & Development,Healthcare Representative,Human Resources,5,5,12453,16,0,4,3,2,3,1,Travel_Frequently,Yes,24,25,10,11,6,6,5,Yes
1226,49,Female,Married,Sales,Manager,Human Resources,5,2,27491,12,0,3,3,1,3,3,Non-Travel,No,8,33,18,0,1,0,26,No
1227,53,Male,Married,Research & Development,Laboratory Technician,Human Resources,5,1,8154,14,1,3,1,2,2,4,Non-Travel,No,16,24,16,10,3,4,6,No
1228,37,Male,Married,Human Resources,Manager,Technical Degree,2,5,17046,14,1,4,3,4,4,3,Travel_Frequently,Yes,13,4,5,0,9,2,24,No
1229,43,Male,Divorced,Sales,Manager,Technical Degree,3,4,31495,22,1,3,1,2,3,4,Non-Travel,No,34,31,5,5,8,1,23,No
1230,25,Male,Single,Research & Development,Research Scientist,Technical Degree,5,3,12413,21,3,3,2,4,2,3,Travel_Rarely,No,32,33,0,12,4,2,26,No
1231,35,Male,Married,Research & Development,Research Director,Medical,1,4,26129,16,2,3,3,4,4,3,Travel_Frequently,Yes,10,17,16,15,4,4,23,Yes
1232,23,Male,Married,Research & Development,Healthcare Representative,Life Sciences,1,5,7257,20,1,3,4,2,2,3,Non-Travel,Yes,22,4,2,0,5,6,21,No
1233,57,Male,Divorced,Research & Development,Research Scientist,Medical,3,5,10004,24,0,3,3,3,3,2,Travel_Rarely,Yes,2,25,2,10,9,3,21,No
1234,35,Female,Divorced,Research & Development,Laboratory Technician,Medical,4,4,4274,17,1,3,1,3,2,2,Non-Travel,Yes,3,9,1,10,8,0,9,Yes
1235,30,Male,Single,Sales,Sales Executive,Human Resources,4,4,11851,22,1,4,3,3,1,3,Travel_Frequently,No,1,19,11,7,9,1,29,No
1236,45,Male,Divorced,Research & Development,Manufacturing Director,Marketing,2,4,20569,25,1,3,4,3,4,1,Travel_Frequently,Yes,38,31,4,11,6,3,24,No
1237,27,Female,Married,Research & Development,Manager,Other,2,5,30170,14,2,3,3,3,1,4,Travel_Rarely,No,35,32,4,2,2,3,6,No
1238,56,Male,Married,Research & Development,Laboratory Technician,Life Sciences,4,3,8135,12,1,4,3,4,3,4,Travel_Frequently,No,38,23,16,2,7,3,12,Yes
1239,54,Male,Single,Research & Development,Laboratory Technician,Marketing,5,5,8123,13,1,3,2,2,4,4,Non-Travel,No,21,17,18,15,4,3,15,Yes
1240,38,Male,Married,Research & Development,Research Director,Other,2,3,21626,14,3,3,4,3,3,3,Travel_Frequently,No,21,37,13,5,2,5,1,No
1241,57,Male,Single,Research & Development,Healthcare Representative,Marketing,5,4,10410,18,0,3,3,1,4,2,Non-Travel,No,21,3,2,3,7,6,8,No
1242,34,Male,Married,Research & Development,Manufacturing Director,Marketing,4,5,21654,16,0,3,3,3,4,3,Non-Travel,No,40,15,15,9,1,3,18,No
1243,41,Female,Single,Research & Development,Manager,Marketing,5,1,28379,24,2,3,2,4,3,4,Travel_Rarely,Yes,31,29,9,15,5,4,4,No
1244,20,Male,Divorced,Research & Development,Research Director,Medical,2,3,23937,18,0,3,4,1,4,3,Travel_Frequently,Yes,37,9,7,10,1,2,24,No
1245,33,Male,Divorced,Human Resources,Manager,Medical,4,3,26053,16,1,3,1,2,3,1,Travel_Frequently,No,38,18,12,3,0,0,15,No
1246,19,Female,Married,Research & Development,Manager,Human Resources,1,4,21134,19,0,3,4,4,3,3,Travel_Rarely,No,6,2,3,1,1,5,26,No
1247,60,Male,Married,Research & Development,Laboratory Technician,Medical,4,4,9714,14,0,3,4,3,4,3,Travel_Frequently,No,26,35,1,15,0,3,5,No
1248,31,Female,Married,Sales,Manager,Life Sciences,3,2,16564,11,1,4,4,3,4,3,Travel_Rarely,Yes,19,17,7,13,6,6,22,No
1249,48,Male,Divorced,Human Resources,Manager,Other,1,1,31690,25,1,3,3,4,4,4,Travel_Rarely,No,27,36,11,4,6,6,1,No
1250,29,Male,Married,Research & Development,Healthcare Representative,Human Resources,4,4,13687,20,0,3,2,3,3,4,Non-Travel,Yes,10,26,2,8,2,2,28,Yes
1251,23,Female,Divorced,Sales,Sales Representative,Marketing,4,3,5242,18,3,3,3,2,4,4,Non-Travel,Yes,13,6,2,5,5,2,10,No
1252,51,Male,Divorced,Human Resources,Human Resources,Technical Degree,2,5,6200,11,1,3,4,2,3,4,Non-Travel,No,34,6,1,3,7,6,24,No
1253,24,Male,Single,Research & Development,Healthcare Representative,Life Sciences,1,3,12665,21,1,3,4,3,2,4,Travel_Frequently,No,6,34,3,5,7,1,18,Yes
1254,18,Male,Married,Sales,Sales Representative,Human Resources,1,4,4931,21,1,3,1,4,3,2,Travel_Frequently,No,29,12,6,2,9,2,1,No
1255,48,Male,Married,Research & Development,Manager,Human Resources,4,5,22290,11,1,3,3,3,2,3,Travel_Rarely,Yes,2,4,1,5,2,3,28,Yes
1256,43,Male,Divorced,Sales,Sales Representative,Other,2,5,6418,21,0,3,3,2,3,4,Travel_Rarely,Yes,2,16,15,0,3,2,5,No
1257,25,Male,Single,Research & Development,Manager,Technical Degree,5,2,22906,20,0,4,3,3,1,2,Non-Travel,No,21,38,7,2,9,1,21,No
1258,39,Female,Single,Human Resources,Human Resources,Life Sciences,5,5,7034,18,0,3,3,1,1,4,Travel_Rarely,No,38,10,3,3,5,4,8,No
1259,30,Male,Married,Research & Development,Healthcare Representative,Life Sciences,4,3,13387,16,3,3,3,2,1,4,Travel_Frequently,Yes,22,39,3,0,2,5,3,No
1260,27,Male,Married,Research & Development,Research Scientist,Medical,3,5,13325,18,0,4,2,1,1,3,Travel_Frequently,No,1,34,6,1,5,3,17,No
1261,54,Female,Married,Research & Development,Research Scientist,Marketing,5,2,9034,23,1,3,1,3,2,2,Non-Travel,Yes,24,19,17,8,1,6,18,Yes
1262,47,Male,Single,Research & Development,Research Director,Other,5,4,27370,21,1,4,4,4,3,3,Travel_Rarely,No,30,29,7,1,3,1,6,No
1263,46,Male,Married,Sales,Sales Representative,Marketing,5,1,7148,20,0,4,4,3,4,4,Travel_Frequently,Yes,7,21,17,2,5,3,1,No
1264,28,Male,Married,Research & Development,Healthcare Representative,Life Sciences,1,1,13639,11,1,4,1,3,3,3,Non-Travel,No,28,30,11,9,5,3,11,No
1265,54,Male,Single,Research & Development,Manufacturing Director,Other,1,2,16422,20,0,3,2,4,3,3,Non-Travel,No,22,29,13,0,6,3,24,No
1266,29,Female,Divorced,Research & Development,Manufacturing Director,Technical Degree,4,4,16460,18,1,3,1,4,3,2,Travel_Frequently,No,36,26,13,4,6,1,16,Yes
1267,46,Male,Single,Research & Development,Laboratory Technician,Technical Degree,2,2,4141,21,2,3,3,4,1,3,Travel_Frequently,No,10,4,2,1,2,1,7,Yes
1268,21,Female,Married,Research & Development,Laboratory Technician,Other,1,4,5351,20,3,3,2,2,3,4,Travel_Rarely,No,25,9,9,5,2,1,11,No
1269,38,Female,Married,Research & Development,Research Director,Life Sciences,4,3,20800,15,1,3,3,3,1,3,Non-Travel,Yes,21,8,3,1,1,4,21,No
1270,18,Female,Single,Research & Development,Manufacturing Director,Technical Degree,3,2,16762,16,0,3,2,3,3,4,Travel_Frequently,Yes,27,16,17,14,8,3,1,Yes
1271,32,Female,Single,Research & Development,Research Scientist,Human Resources,3,5,14391,17,3,4,4,4,2,4,Travel_Rarely,No,8,37,17,15,9,4,25,Yes
1272,49,Female,Single,Research & Development,Manufacturing Director,Medical,5,1,21931,18,3,3,4,3,3,2,Travel_Frequently,No,0,12,3,3,2,4,18,No
1273,18,Female,Divorced,Research & Development,Research Director,Medical,1,2,21558,21,0,3,2,4,3,2,Travel_Rarely,No,31,1,1,1,5,2,3,Yes
1274,49,Male,Single,Research & Development,Manufacturing Director,Technical Degree,3,1,18715,23,0,3,1,4,4,3,Travel_Rarely,No,16,39,8,5,0,1,28,No
1275,48,Male,Divorced,Research & Development,Research Scientist,Marketing,5,4,12907,13,3,3,4,2,3,3,Non-Travel,Yes,0,34,13,1,1,6,9,No
1276,27,Male,Divorced,Research & Development,Manufacturing Director,Other,4,1,14401,12,0,3,1,3,3,3,Travel_Frequently,No,30,14,4,0,9,1,12,No
1277,20,Male,Divorced,Sales,Sales Executive,Medical,5,4,7454,24,0,3,4,3,2,2,Non-Travel,No,30,7,5,8,2,4,4,Yes
1278,41,Female,Divorced,Research & Development,Manager,Life Sciences,4,3,29329,24,3,3,4,4,1,4,Travel_Rarely,No,19,20,5,9,8,6,15,Yes
1279,44,Male,Divorced,Research & Development,Manufacturing Director,Other,5,4,13996,22,0,3,3,3,3,4,Travel_Rarely,Yes,29,10,7,2,4,2,7,No
1280,58,Female,Divorced,Research & Development,Laboratory Technician,Technical Degree,3,4,7797,12,0,3,4,4,3,3,Travel_Frequently,No,33,21,1,5,9,4,2,No
1281,35,Male,Married,Research & Development,Laboratory Technician,Life Sciences,1,1,10683,20,0,3,3,3,3,3,Travel_Rarely,No,14,34,15,13,2,2,29,No
1282,26,Male,Single,Sales,Sales Representative,Human Resources,1,3,5430,25,2,4,3,4,3,4,Travel_Rarely,No,9,8,7,3,1,5,4,No
1283,29,Female,Married,Research & Development,Laboratory Technician,Life Sciences,1,5,8743,15,0,3,2,2,1,4,Travel_Frequently,No,39,25,16,8,7,6,10,No
1284,52,Female,Married,Sales,Manager,Technical Degree,4,1,20874,16,0,3,2,4,4,2,Non-Travel,No,10,40,9,14,3,3,11,No
1285,30,Female,Divorced,Sales,Manager,Technical Degree,1,3,18712,15,0,3,3,2,1,4,Travel_Rarely,Yes,20,9,5,4,0,5,10,No
1286,25,Male,Divorced,Sales,Sales Executive,Marketing,3,5,12398,14,1,3,3,2,3,3,Non-Travel,Yes,37,25,0,8,5,6,7,No
1287,55,Male,Divorced,Research & Development,Manager,Technical Degree,2,2,16070,24,2,3,4,4,3,2,Travel_Rarely,No,30,11,3,4,5,1,21,No
1288,31,Female,Single,Research & Development,Manager,Marketing,1,5,17820,19,0,3,2,3,2,1,Travel_Frequently,Yes,14,3,2,0,5,0,13,Yes
1289,26,Male,Single,Sales,Sales Executive,Technical Degree,1,5,9036,15,1,3,1,2,1,2,Non-Travel,No,19,20,10,12,4,0,3,No
1290,41,Female,Divorced,Research & Development,Laboratory Technician,Life Sciences,5,1,7188,24,0,4,4,4,2,3,Travel_Rarely,Yes,1,23,11,7,4,4,9,No
1291,57,Female,Married,Human Resources,Human Resources,Technical Degree,4,2,10714,13,3,3,1,2,3,3,Travel_Frequently,No,15,30,0,13,1,5,14,No
1292,60,Male,Married,Sales,Sales Executive,Life Sciences,4,4,12321,12,0,3,3,1,4,3,Non-Travel,Yes,24,34,16,11,6,4,15,No
1293,37,Male,Single,Research & Development,Research Scientist,Life Sciences,1,1,8866,25,0,3,3,4,3,4,Travel_Frequently,Yes,13,12,9,2,7,6,17,No
1294,24,Male,Divorced,Research & Development,Manufacturing Director,Human Resources,1,4,24539,19,1,3,3,3,1,3,Travel_Frequently,Yes,22,34,13,1,5,5,2,Yes
1295,39,Male,Married,Research & Development,Research Director,Technical Degree,2,4,26607,13,2,3,4,4,3,2,Travel_Rarely,No,18,25,14,4,3,3,7,No
1296,19,Male,Single,Research & Development,Healthcare Representative,Technical Degree,5,5,12100,20,1,3,3,1,3,2,Non-Travel,Yes,18,29,17,6,6,3,29,Yes
1297,48,Male,Divorced,Sales,Sales Representative,Human Resources,3,4,5826,25,0,3,3,3,4,1,Travel_Frequently,No,38,16,11,12,3,2,8,No
1298,50,Male,Divorced,Human Resources,Human Resources,Marketing,5,3,4327,17,0,3,4,2,3,3,Travel_Rarely,Yes,30,3,3,1,0,5,7,Yes
1299,53,Male,Single,Sales,Sales Representative,Medical,1,1,9681,13,0,3,1,4,4,4,Travel_Frequently,No,18,30,10,10,0,5,2,Yes
1300,55,Male,Divorced,Human Resources,Manager,Other,4,2,22157,19,1,3,3,3,3,3,Travel_Rarely,Yes,0,2,1,2,3,4,8,No
1301,19,Male,Single,Research & Development,Research Scientist,Life Sciences,4,3,4455,12,0,3,3,4,2,3,Travel_Frequently,No,17,1,1,1,2,4,20,No
1302,40,Female,Single,Research & Development,Laboratory Technician,Other,4,1,5846,11,0,3,3,2,4,4,Travel_Rarely,No,18,6,0,5,6,5,15,No
1303,29,Male,Divorced,Research & Development,Research Scientist,Human Resources,2,5,8939,25,3,3,1,3,3,3,Non-Travel,Yes,34,23,3,5,3,4,5,No
1304,36,Male,Divorced,Research & Development,Manufacturing Director,Marketing,2,4,19583,17,1,3,3,4,3,4,Non-Travel,No,18,17,9,9,2,0,5,No
1305,53,Male,Single,Sales,Sales Representative,Technical Degree,1,3,5645,16,0,4,2,4,3,4,Travel_Frequently,Yes,34,9,0,2,6,5,13,Yes
1306,34,Male,Married,Research & Development,Research Scientist,Technical Degree,1,5,9117,20,2,3,3,1,2,3,Non-Travel,Yes,39,7,2,5,6,5,22,No
1307,49,Male,Married,Research & Development,Healthcare Representative,Life Sciences,3,1,14198,14,2,3,3,1,3,4,Travel_Rarely,Yes,35,26,3,9,0,2,3,No
1308,28,Male,Divorced,Research & Development,Laboratory Technician,Human Resources,3,4,8324,11,1,3,3,1,3,4,Non-Travel,Yes,24,20,14,3,4,5,27,No
1309,31,Male,Married,Research & Development,Manufacturing Director,Medical,4,3,14864,21,3,3,1,4,2,3,Travel_Frequently,No,17,4,0,1,3,6,15,Yes
1310,58,Male,Single,Sales,Manager,Medical,4,5,30539,15,0,3,3,3,4,3,Travel_Frequently,Yes,0,37,12,0,3,1,14,Yes
1311,40,Female,Single,Research & Development,Research Director,Medical,1,1,15761,12,0,3,4,3,3,3,Non-Travel,No,26,14,3,5,5,1,13,No
1312,19,Female,Married,Sales,Sales Representative,Technical Degree,5,5,4863,20,0,3,2,1,2,1,Non-Travel,No,15,3,3,0,0,0,29,No
1313,18,Female,Divorced,Research & Development,Research Director,Human Resources,2,2,19371,24,3,3,3,3,4,2,Travel_Rarely,No,4,4,3,0,9,5,25,No
1314,20,Female,Married,Research & Development,Research Scientist,Marketing,3,5,10896,17,0,3,3,2,2,4,Travel_Rarely,No,19,17,18,13,5,2,6,No
1315,48,Female,Single,Sales,Sales Executive,Marketing,5,5,7280,20,0,3,4,4,3,2,Travel_Frequently,Yes,24,1,2,0,9,3,21,No
1316,24,Male,Married,Research & Development,Laboratory Technician,Other,2,2,9744,23,1,3,2,3,3,3,Travel_Frequently,Yes,21,29,7,4,7,5,26,Yes
1317,60,Female,Married,Research & Development,Research Director,Technical Degree,5,4,19316,18,3,3,2,3,1,3,Travel_Rarely,Yes,6,5,3,6,3,6,11,No
1318,25,Male,Divorced,Research & Development,Laboratory Technician,Marketing,4,3,5555,17,0,3,3,4,3,3,Travel_Frequently,Yes,6,7,4,5,5,3,1,No
1319,56,Female,Single,Research & Development,Laboratory Technician,Medical,3,3,5595,13,1,4,2,1,2,1,Non-Travel,No,11,15,12,1,0,0,22,No
1320,60,Male,Married,Sales,Sales Executive,Human Resources,3,3,5769,23,1,3,1,1,3,4,Travel_Rarely,Yes,14,3,0,0,8,4,5,No
1321,51,Female,Divorced,Research & Development,Laboratory Technician,Other,5,4,6793,18,0,3,3,2,3,1,Non-Travel,Yes,16,19,16,3,7,5,29,No
1322,58,Male,Married,Human Resources,Manager,Life Sciences,5,5,17784,13,2,3,3,2,3,2,Travel_Frequently,No,25,15,9,3,7,3,3,Yes
1323,32,Male,Divorced,Research & Development,Manager,Medical,3,5,24065,20,0,4,2,3,3,1,Travel_Rarely,No,15,1,0,0,9,5,3,No
1324,32,Female,Single,Research & Development,Manager,Medical,4,5,17744,14,1,3,4,4,2,3,Non-Travel,No,10,11,2,5,2,4,14,No
1325,37,Female,Divorced,Research & Development,Healthcare Representative,Technical Degree,5,1,16973,24,3,3,2,3,4,4,Non-Travel,No,14,33,1,13,4,0,20,No
1326,38,Female,Married,Research & Development,Research Scientist,Other,1,4,12514,22,2,3,3,3,1,4,Travel_Frequently,No,3,35,5,11,9,0,23,No
1327,35,Female,Married,Sales,Manager,Technical Degree,1,2,19872,13,0,3,4,1,3,4,Travel_Rarely,Yes,11,24,10,11,9,4,19,No
1328,32,Female,Divorced,Human Resources,Manager,Marketing,3,1,28618,20,3,3,4,2,4,3,Travel_Rarely,No,5,29,2,2,7,5,7,No
1329,18,Male,Married,Human Resources,Manager,Medical,3,5,23748,15,1,3,4,2,3,4,Travel_Frequently,No,34,13,0,5,6,1,2,No
1330,27,Male,Divorced,Research & Development,Manufacturing Director,Medical,1,1,22931,25,1,3,4,3,3,2,Non-Travel,Yes,40,36,14,7,6,2,25,No
1331,27,Male,Divorced,Human Resources,Manager,Medical,5,4,22030,15,2,3,1,4,2,2,Travel_Rarely,No,39,11,11,6,3,5,13,No
1332,57,Female,Single,Research & Development,Laboratory Technician,Life Sciences,5,1,8126,20,0,3,3,2,1,2,Non-Travel,Yes,27,20,5,6,0,0,7,No
1333,26,Female,Divorced,Research & Development,Research Director,Other,3,2,16341,25,2,3,2,4,1,3,Non-Travel,Yes,13,8,9,1,6,6,19,Yes
1334,19,Female,Single,Sales,Manager,Technical Degree,5,4,33053,24,1,3,1,3,3,2,Travel_Frequently,Yes,0,38,8,11,4,2,3,Yes
1335,24,Female,Single,Human Resources,Manager,Human Resources,1,1,30578,16,1,3,3,3,3,2,Travel_Rarely,No,26,27,5,0,9,1,10,No
1336,18,Female,Divorced,Sales,Sales Representative,Medical,1,3,7713,24,0,3,4,2,3,2,Travel_Frequently,No,10,20,4,1,5,4,27,Yes
1337,59,Female,Divorced,Research & Development,Research Director,Marketing,4,4,19994,13,3,3,3,3,2,3,Travel_Frequently,Yes,2,28,3,2,1,2,25,No
1338,38,Male,Married,Sales,Sales Representative,Technical Degree,3,5,10180,20,0,3,3,2,4,4,Travel_Frequently,Yes,34,32,16,0,9,3,4,Yes
1339,22,Male,Single,Research & Development,Research Director,Other,3,3,16666,20,2,3,4,4,2,3,Non-Travel,No,26,19,14,10,7,3,20,No
1340,24,Female,Single,Research & Development,Research Scientist,Technical Degree,4,2,6651,18,2,3,4,4,4,2,Non-Travel,Yes,24,12,0,8,9,6,12,No
1341,20,Male,Single,Human Resources,Manager,Other,5,5,17235,23,0,3,4,3,3,3,Travel_Rarely,Yes,27,6,1,2,8,5,19,No
1342,57,Female,Married,Research & Development,Manufacturing Director,Other,2,5,18157,20,2,3,1,4,4,4,Travel_Frequently,No,8,14,14,3,5,5,13,No
1343,31,Male,Divorced,Human Resources,Human Resources,Marketing,5,5,12905,19,0,3,3,3,3,4,Non-Travel,No,15,33,18,14,6,5,8,No
1344,18,Male,Divorced,Sales,Manager,Other,3,3,22021,15,0,4,3,3,3,3,Travel_Frequently,No,10,0,1,0,6,5,25,No
1345,59,Male,Divorced,Human Resources,Manager,Other,3,2,25019,16,1,4,2,2,3,3,Travel_Frequently,Yes,21,14,1,14,9,5,26,No
1346,41,Female,Divorced,Research & Development,Research Director,Human Resources,1,4,23505,18,1,4,4,2,3,3,Travel_Rarely,No,2,32,15,6,0,3,21,No
1347,47,Male,Divorced,Research & Development,Manager,Other,1,4,22960,19,1,3,4,2,1,2,Non-Travel,Yes,32,29,10,9,0,1,29,No
1348,55,Male,Divorced,Sales,Manager,Medical,4,3,25080,14,0,3,2,4,4,4,Travel_Frequently,Yes,7,38,9,14,2,2,20,No
1349,26,Male,Married,Research & Development,Laboratory Technician,Life Sciences,5,2,6370,22,0,3,2,4,3,4,Travel_Rarely,No,2,8,2,0,0,3,4,No
1350,30,Female,Divorced,Research & Development,Research Scientist,Life Sciences,2,1,9490,19,1,4,4,3,2,4,Travel_Frequently,No,9,26,15,0,6,2,1,No
1351,24,Female,Divorced,Research & Development,Research Director,Marketing,4,3,24204,15,0,3,2,2,2,1,Non-Travel,Yes,16,9,5,5,5,6,11,No
1352,26,Male,Married,Research & Development,Research Scientist,Other,3,2,11712,14,1,3,2,4,3,2,Travel_Rarely,No,38,26,1,8,6,0,1,No
1353,33,Female,Married,Research & Development,Manager,Medical,1,5,23342,18,0,3,3,1,3,2,Travel_Rarely,Yes,38,25,1,13,7,0,24,Yes
1354,24,Male,Married,Sales,Sales Representative,Human Resources,4,2,6081,25,0,3,1,1,2,3,Travel_Rarely,No,15,11,12,10,3,4,24,No
1355,56,Female,Divorced,Research & Development,Research Scientist,Medical,1,4,8132,12,0,4,3,1,3,1,Non-Travel,Yes,35,10,2,2,8,1,21,Yes
1356,35,Male,Divorced,Research & Development,Manager,Technical Degree,2,5,26086,25,0,3,3,2,1,4,Travel_Frequently,No,33,11,11,11,0,0,6,No
1357,53,Male,Married,Research & Development,Manufacturing Director,Other,3,4,20557,17,0,3,4,4,2,4,Non-Travel,No,27,3,2,3,2,5,21,No
1358,29,Male,Divorced,Sales,Sales Representative,Human Resources,3,1,7798,18,0,3,3,3,3,3,Travel_Frequently,No,30,23,14,14,0,3,3,No
1359,50,Male,Divorced,Sales,Manager,Human Resources,2,5,22679,23,3,4,3,4,4,1,Travel_Rarely,No,24,32,8,3,7,0,1,No
1360,22,Male,Divorced,Research & Development,Research Director,Medical,1,4,25708,17,0,3,4,4,1,4,Travel_Frequently,No,40,33,2,4,7,4,17,No
1361,29,Male,Married,Sales,Sales Executive,Life Sciences,1,5,12522,20,0,3,1,4,3,3,Travel_Rarely,No,33,16,14,0,1,3,1,Yes
1362,43,Male,Single,Research & Development,Manager,Life Sciences,4,3,21635,11,0,3,4,4,2,3,Travel_Rarely,No,28,31,12,14,2,5,10,No
1363,21,Male,Single,Research & Development,Manager,Life Sciences,4,5,24692,22,0,3,4,1,1,1,Non-Travel,Yes,22,20,9,15,2,5,25,No
1364,57,Female,Single,Human Resources,Human Resources,Human Resources,4,3,7706,21,1,3,1,3,1,4,Non-Travel,No,40,11,3,9,6,2,20,Yes
1365,37,Male,Married,Research & Development,Research Director,Marketing,1,4,23997,15,0,3,4,2,2,3,Travel_Rarely,No,23,16,2,6,3,3,25,No
1366,46,Male,Divorced,Human Resources,Human Resources,Other,4,1,9219,24,1,3,4,4,3,4,Non-Travel,No,29,27,9,1,5,4,10,No
1367,51,Female,Single,Research & Development,Research Director,Marketing,5,4,26989,13,0,3,1,3,2,2,Non-Travel,Yes,21,32,0,13,3,1,9,Yes
1368,38,Female,Single,Research & Development,Laboratory Technician,Other,5,3,6381,23,1,3,4,3,3,3,Travel_Rarely,Yes,27,9,8,9,8,5,24,Yes
1369,28,Female,Single,Research & Development,Laboratory Technician,Other,2,3,3631,22,3,3,2,4,4,1,Travel_Frequently,Yes,9,4,1,5,6,2,5,Yes
1370,60,Male,Divorced,Research & Development,Research Director,Technical Degree,5,1,16450,22,1,4,1,4,4,4,Travel_Frequently,Yes,30,8,4,9,8,2,15,No
1371,36,Female,Married,Research & Development,Research Scientist,Medical,1,3,10332,17,0,3,3,3,4,1,Travel_Rarely,No,17,11,5,12,2,4,27,No
1372,46,Male,Divorced,Research & Development,Research Director,Technical Degree,4,3,19571,15,0,3,3,4,3,4,Non-Travel,No,4,27,7,8,0,0,20,No
1373,55,Male,Divorced,Human Resources,Human Resources,Other,4,3,8858,21,3,4,3,3,4,2,Travel_Rarely,No,15,13,8,9,0,0,5,No
1374,36,Female,Divorced,Research & Development,Manufacturing Director,Life Sciences,3,4,19268,19,2,3,3,2,2,4,Non-Travel,No,3,18,14,0,6,2,20,No
1375,38,Male,Single,Sales,Sales Executive,Medical,1,2,8880,24,0,3,1,4,1,4,Non-Travel,No,31,14,2,13,2,2,10,No
1376,44,Female,Single,Research & Development,Healthcare Representative,Technical Degree,5,2,12221,19,3,3,4,4,4,4,Travel_Rarely,Yes,26,12,1,5,4,2,20,Yes
1377,50,Female,Divorced,Research & Development,Healthcare Representative,Medical,5,5,12587,13,0,3,3,2,3,4,Travel_Frequently,No,34,25,12,13,9,0,11,Yes
1378,35,Female,Married,Research & Development,Manufacturing Director,Other,5,3,20705,18,2,3,3,1,3,1,Non-Travel,Yes,14,24,5,14,1,6,24,No
1379,31,Male,Married,Research & Development,Laboratory Technician,Technical Degree,4,5,5262,17,0,4,4,4,2,4,Travel_Frequently,No,11,10,7,2,8,3,24,No
1380,33,Male,Married,Research & Development,Research Scientist,Life Sciences,1,4,8370,13,1,3,1,2,4,3,Travel_Frequently,Yes,22,9,10,5,7,1,11,No
1381,30,Male,Married,Research & Development,Laboratory Technician,Marketing,5,3,4392,22,1,3,4,4,4,4,Travel_Frequently,Yes,14,8,2,2,8,2,27,Yes
1382,19,Male,Divorced,Human Resources,Manager,Technical Degree,5,5,21536,22,2,3,4,4,4,4,Travel_Rarely,Yes,29,19,1,9,1,0,14,No
1383,52,Male,Married,Research & Development,Manufacturing Director,Human Resources,4,3,21478,17,1,3,3,4,3,3,Non-Travel,No,16,4,5,5,6,3,24,No
1384,29,Male,Married,Sales,Sales Executive,Other,4,1,13933,11,1,3,4,2,4,4,Travel_Rarely,No,16,39,10,8,2,3,9,No
1385,19,Male,Single,Sales,Sales Representative,Medical,5,5,11727,11,1,3,3,4,3,3,Travel_Rarely,Yes,24,40,4,7,3,2,14,No
1386,38,Male,Divorced,Research & Development,Research Scientist,Medical,2,4,12466,15,2,3,4,3,1,1,Non-Travel,Yes,40,35,14,15,2,4,25,No
1387,42,Male,Married,Research & Development,Healthcare Representative,Human Resources,3,5,13910,20,0,3,3,4,3,3,Travel_Frequently,No,15,23,12,4,9,5,21,No
1388,37,Female,Single,Sales,Sales Executive,Other,3,2,11913,22,2,4,3,2,4,4,Travel_Frequently,Yes,29,32,16,5,1,3,21,No
1389,57,Male,Married,Research & Development,Research Scientist,Life Sciences,2,1,16125,23,2,3,4,3,1,4,Travel_Frequently,No,16,40,14,6,0,4,24,No
1390,37,Male,Single,Research & Development,Laboratory Technician,Medical,3,3,4089,11,1,3,2,2,3,4,Non-Travel,Yes,14,3,2,0,9,2,3,No
1391,23,Male,Single,Sales,Manager,Human Resources,1,1,22759,15,3,3,4,4,3,2,Non-Travel,No,15,35,4,10,4,3,1,No
1392,23,Female,Single,Sales,Manager,Technical Degree,1,2,15087,14,1,3,2,3,3,2,Non-Travel,No,29,7,6,8,6,0,6,No
1393,26,Female,Divorced,Research & Development,Healthcare Representative,Human Resources,1,2,7541,11,0,3,4,3,2,1,Travel_Rarely,Yes,39,7,8,0,8,4,21,No
1394,55,Male,Single,Research & Development,Research Scientist,Other,5,5,11069,11,1,3,3,2,3,3,Travel_Frequently,Yes,35,24,6,3,7,1,8,Yes
1395,43,Male,Divorced,Research & Development,Manager,Other,2,5,23246,25,1,3,1,4,3,4,Non-Travel,Yes,30,31,9,1,5,6,28,No
1396,31,Male,Married,Sales,Sales Executive,Technical Degree,1,3,10915,25,1,3,1,3,4,4,Travel_Rarely,No,31,10,7,5,2,2,23,No
1397,27,Female,Single,Research & Development,Research Director,Other,4,5,19970,22,0,3,1,4,3,4,Non-Travel,Yes,3,14,10,14,0,1,25,Yes
1398,42,Female,Single,Research & Development,Manufacturing Director,Technical Degree,5,4,15711,17,1,3,1,4,3,4,Travel_Frequently,Yes,15,13,3,11,7,0,1,Yes
1399,38,Male,Married,Research & Development,Manager,Technical Degree,2,2,27218,13,0,3,4,1,4,4,Non-Travel,Yes,21,33,17,15,4,2,29,No
1400,51,Female,Single,Research & Development,Manager,Human Resources,4,2,28761,13,1,4,2,4,4,4,Travel_Rarely,No,9,35,11,10,4,2,11,No
1401,31,Male,Single,Human Resources,Human Resources,Medical,2,4,11738,18,1,4,4,3,4,3,Travel_Frequently,Yes,25,39,18,6,2,1,18,No
1402,33,Male,Married,Sales,Sales Representative,Technical Degree,4,3,7827,12,0,3,2,1,3,1,Travel_Frequently,No,14,26,3,14,5,2,29,No
1403,48,Male,Married,Sales,Sales Representative,Marketing,3,1,7332,16,0,3,1,4,2,4,Non-Travel,Yes,24,25,2,2,6,4,13,Yes
1404,42,Female,Single,Sales,Sales Representative,Marketing,3,3,4106,22,1,3,4,3,4,2,Travel_Rarely,Yes,25,1,2,0,6,4,25,Yes
1405,49,Female,Single,Sales,Sales Executive,Other,3,3,13711,16,2,3,1,3,2,3,Travel_Rarely,No,0,28,7,0,1,0,20,No
1406,27,Female,Married,Human Resources,Human Resources,Other,1,4,11176,22,2,3,4,4,4,2,Non-Travel,No,23,31,1,10,7,0,26,No
1407,19,Male,Single,Research & Development,Healthcare Representative,Other,3,1,17281,14,0,3,3,2,3,3,Travel_Frequently,Yes,30,38,14,1,0,5,14,Yes
1408,54,Male,Single,Sales,Sales Representative,Marketing,3,3,8262,20,1,3,4,3,3,2,Non-Travel,No,5,21,15,11,6,1,16,No
1409,18,Male,Divorced,Research & Development,Manufacturing Director,Marketing,3,4,16646,20,1,3,1,4,4,3,Non-Travel,Yes,14,0,1,0,6,5,7,No
1410,45,Female,Divorced,Research & Development,Laboratory Technician,Life Sciences,1,1,7883,18,0,3,4,4,3,2,Travel_Frequently,Yes,39,17,9,10,7,3,3,No
1411,20,Female,Married,Research & Development,Laboratory Technician,Marketing,2,2,6294,16,1,3,4,4,4,4,Non-Travel,No,34,17,6,6,7,1,22,Yes
1412,40,Male,Single,Research & Development,Research Director,Marketing,4,3,18343,21,1,3,3,1,3,2,Non-Travel,Yes,33,25,17,4,1,6,17,Yes
1413,20,Male,Single,Research & Development,Research Director,Technical Degree,1,1,21836,15,3,3,4,3,2,3,Non-Travel,No,6,33,18,7,0,6,19,No
1414,29,Male,Divorced,Research & Development,Healthcare Representative,Technical Degree,4,3,9349,19,1,4,4,3,3,1,Non-Travel,No,30,19,17,3,2,2,8,No
1415,28,Male,Single,Sales,Sales Executive,Human Resources,5,1,8464,20,0,3,4,4,3,2,Non-Travel,Yes,27,5,2,5,3,4,7,No
1416,41,Female,Divorced,Research & Development,Manager,Life Sciences,1,2,30491,21,3,3,1,4,3,4,Non-Travel,Yes,1,29,14,1,3,3,17,No
1417,58,Female,Divorced,Research & Development,Manufacturing Director,Medical,2,1,17313,18,2,3,4,4,3,3,Non-Travel,No,32,32,7,8,8,2,20,No
1418,45,Male,Divorced,Sales,Manager,Technical Degree,3,3,20506,23,0,3,4,2,3,3,Travel_Frequently,Yes,23,31,8,2,9,4,6,No
1419,55,Female,Single,Research & Development,Research Director,Medical,1,2,20826,17,3,3,3,4,3,2,Travel_Rarely,Yes,13,17,4,12,4,2,6,No
1420,46,Female,Single,Human Resources,Manager,Life Sciences,4,2,27456,16,0,3,2,2,3,2,Non-Travel,No,29,14,12,15,5,0,5,No
1421,30,Female,Single,Research & Development,Manufacturing Director,Technical Degree,4,5,19819,25,0,3,4,3,3,2,Travel_Rarely,No,16,30,4,4,8,2,23,No
1422,32,Female,Married,Research & Development,Manufacturing Director,Medical,1,1,21625,14,2,3,1,4,4,4,Travel_Rarely,Yes,3,29,0,9,2,5,7,Yes
1423,31,Male,Single,Sales,Sales Executive,Human Resources,2,5,10677,15,0,3,1,4,2,2,Travel_Rarely,Yes,31,28,17,0,4,3,8,No
1424,51,Male,Single,Research & Development,Manufacturing Director,Technical Degree,5,1,20057,25,3,3,3,2,4,4,Non-Travel,No,22,40,9,9,2,0,12,No
1425,52,Female,Married,Research & Development,Manager,Other,4,2,28129,21,3,4,3,3,3,3,Travel_Frequently,Yes,39,14,6,8,2,4,18,No
1426,20,Male,Married,Sales,Manager,Marketing,1,2,27855,13,0,3,3,4,3,4,Non-Travel,Yes,26,14,11,11,1,5,22,No
1427,39,Female,Divorced,Research & Development,Laboratory Technician,Technical Degree,4,2,2411,15,1,3,3,4,3,4,Non-Travel,No,36,0,1,0,2,4,19,No
1428,23,Male,Single,Research & Development,Manufacturing Director,Marketing,3,5,20494,23,0,4,2,3,3,2,Travel_Frequently,No,26,0,0,1,9,2,20,Yes
1429,53,Female,Married,Sales,Sales Executive,Marketing,2,1,15190,18,0,3,2,1,4,2,Travel_Frequently,No,5,36,0,4,7,1,13,No
1430,28,Female,Single,Research & Development,Laboratory Technician,Marketing,5,4,8883,15,1,3,4,1,3,4,Travel_Frequently,Yes,0,22,3,3,0,4,1,Yes
1431,45,Female,Married,Research & Development,Manufacturing Director,Technical Degree,3,3,20274,25,2,3,4,3,3,3,Non-Travel,Yes,12,25,15,11,9,2,21,No
1432,48,Male,Divorced,Human Resources,Human Resources,Technical Degree,3,3,10515,21,3,3,4,2,4,4,Non-Travel,Yes,15,27,8,13,6,4,27,No
1433,31,Female,Divorced,Research & Development,Research Director,Life Sciences,3,4,20666,17,0,4,3,3,4,3,Travel_Rarely,No,19,14,14,14,1,4,17,No
1434,46,Female,Divorced,Human Resources,Human Resources,Human Resources,1,4,9025,13,1,3,2,2,2,3,Travel_Rarely,No,36,17,18,12,4,3,26,No
1435,28,Male,Married,Research & Development,Manager,Medical,1,2,17730,24,0,3,4,1,2,2,Travel_Rarely,No,28,16,2,0,8,4,2,No
1436,44,Male,Divorced,Sales,Sales Representative,Technical Degree,3,4,10117,17,1,3,2,3,3,4,Travel_Frequently,Yes,27,39,2,5,2,0,26,Yes
1437,54,Female,Married,Research & Development,Laboratory Technician,Life Sciences,1,3,8139,12,0,3,3,2,4,3,Non-Travel,Yes,34,25,13,12,0,0,27,No
1438,38,Male,Married,Sales,Sales Representative,Life Sciences,1,1,3835,13,2,3,4,4,1,2,Non-Travel,No,34,0,0,1,8,0,13,Yes
1439,23,Female,Single,Research & Development,Manager,Other,3,1,22923,25,0,3,2,1,3,4,Non-Travel,Yes,37,38,7,13,8,3,3,No
1440,49,Male,Married,Research & Development,Manager,Medical,5,3,22136,11,1,4,3,1,3,3,Non-Travel,Yes,9,4,4,1,3,6,5,No
1441,35,Male,Divorced,Sales,Sales Executive,Medical,4,1,16803,25,3,3,3,3,4,3,Travel_Rarely,No,9,36,14,8,8,0,13,Yes
1442,29,Female,Single,Research & Development,Research Scientist,Human Resources,3,1,9712,17,0,3,4,2,3,2,Non-Travel,Yes,27,26,1,2,8,0,29,No
1443,26,Male,Single,Sales,Manager,Human Resources,5,4,24125,20,1,3,4,3,3,2,Non-Travel,Yes,7,14,9,10,9,3,18,Yes
1444,56,Male,Married,Research & Development,Manufacturing Director,Human Resources,1,3,16359,16,0,3,4,1,4,4,Non-Travel,Yes,13,6,6,0,8,0,13,No
1445,53,Male,Single,Research & Development,Research Scientist,Life Sciences,3,1,7706,23,2,4,2,2,3,3,Travel_Frequently,Yes,16,0,1,1,0,6,13,No
1446,39,Male,Married,Sales,Manager,Human Resources,2,5,21408,21,1,3,1,3,4,1,Non-Travel,No,16,32,4,8,1,2,5,No
1447,19,Female,Married,Research & Development,Manager,Other,5,3,25180,18,0,3,3,1,3,3,Non-Travel,No,22,18,6,1,1,3,28,No
1448,26,Male,Married,Human Resources,Manager,Life Sciences,2,4,30035,13,1,3,4,3,3,2,Travel_Frequently,No,24,33,12,4,8,3,14,No
1449,37,Male,Divorced,Sales,Sales Executive,Technical Degree,3,4,17079,13,2,3,3,4,2,3,Travel_Frequently,No,10,38,2,11,7,1,7,No
1450,38,Male,Single,Sales,Sales Executive,Life Sciences,1,5,10005,16,1,3,2,3,4,3,Travel_Frequently,No,4,9,7,2,1,2,28,No
1451,18,Male,Married,Sales,Sales Executive,Life Sciences,5,3,15298,16,3,3,3,3,3,4,Travel_Rarely,Yes,14,40,9,4,3,1,5,No
1452,25,Male,Married,Research & Development,Manager,Life Sciences,3,1,20627,15,2,3,3,3,4,4,Non-Travel,No,32,0,0,1,3,5,27,No
1453,55,Male,Single,Research & Development,Research Director,Human Resources,2,2,29226,12,0,3,2,3,4,4,Travel_Rarely,Yes,33,34,2,3,0,0,26,No
1454,27,Female,Divorced,Research & Development,Research Director,Marketing,5,4,22647,18,3,3,2,4,3,4,Travel_Frequently,No,26,19,6,9,8,4,18,No
1455,49,Male,Single,Sales,Manager,Life Sciences,1,4,21137,19,1,3,1,3,3,3,Non-Travel,Yes,15,40,8,10,5,1,18,No
1456,50,Female,Married,Research & Development,Laboratory Technician,Other,1,5,10634,13,1,4,2,2,4,4,Travel_Frequently,No,32,30,14,2,2,0,21,No
1457,22,Female,Divorced,Research & Development,Laboratory Technician,Other,2,4,6654,13,0,3,4,3,3,3,Travel_Frequently,Yes,5,13,4,12,4,1,1,Yes
1458,18,Male,Single,Research & Development,Research Scientist,Technical Degree,3,3,11715,25,0,3,1,4,4,4,Travel_Frequently,No,6,24,3,11,3,1,27,No
1459,55,Female,Married,Sales,Sales Representative,Other,2,3,8335,14,0,3,2,3,3,4,Non-Travel,Yes,34,28,11,13,1,5,17,Yes
1460,48,Male,Single,Research & Development,Research Scientist,Human Resources,3,2,13242,18,0,4,3,3,4,3,Travel_Rarely,No,18,32,18,1,3,1,4,No
1461,32,Female,Single,Sales,Sales Executive,Marketing,5,2,14395,23,0,3,2,3,3,4,Travel_Frequently,No,31,38,8,0,7,0,8,No
1462,40,Female,Married,Research & Development,Research Director,Medical,1,2,24814,23,1,3,1,2,3,4,Travel_Frequently,Yes,13,25,16,13,8,1,16,Yes
1463,46,Male,Divorced,Research & Development,Healthcare Representative,Marketing,3,5,7409,24,0,3,3,4,3,4,Travel_Rarely,Yes,25,8,6,0,4,4,12,Yes
1464,29,Female,Married,Human Resources,Human Resources,Life Sciences,1,5,7995,21,0,4,2,3,4,2,Travel_Rarely,No,16,12,2,1,0,6,13,No
1465,53,Male,Divorced,Research & Development,Research Director,Human Resources,1,1,24992,22,0,3,3,3,3,3,Travel_Frequently,Yes,35,5,6,5,5,4,9,No
1466,33,Female,Single,Sales,Manager,Marketing,5,4,19564,13,1,3,3,3,2,3,Travel_Rarely,No,23,31,18,6,5,6,18,Yes
1467,37,Female,Divorced,Research & Development,Laboratory Technician,Human Resources,1,5,5745,21,1,3,3,3,4,3,Travel_Rarely,No,8,5,1,1,9,4,1,No
1468,43,Male,Single,Research & Development,Research Director,Marketing,5,1,18282,15,0,3,3,3,1,2,Travel_Rarely,Yes,39,7,2,1,4,4,20,Yes
1469,51,Female,Married,Sales,Sales Executive,Other,5,5,14119,12,0,4,1,2,4,4,Travel_Frequently,Yes,1,25,12,14,9,4,13,Yes
1470,42,Male,Married,Research & Development,Laboratory Technician,Medical,4,2,9877,17,0,3,2,1,1,3,Non-Travel,Yes,24,28,18,14,2,2,12,Yes
